lib	unit	sample	fq1	fq2
lib1	1	OSF_E9	fastqs/lib1/OSF_E9_1.fq.gz	fastqs/lib1/OSF_E9_2.fq.gz
lib1	1	OSF_E11	fastqs/lib1/OSF_E11_1.fq.gz	fastqs/lib1/OSF_E11_2.fq.gz
lib1	1	OSF_E18	fastqs/lib1/OSF_E18_1.fq.gz	fastqs/lib1/OSF_E18_2.fq.gz
lib1	1	OSF_E19	fastqs/lib1/OSF_E19_1.fq.gz	fastqs/lib1/OSF_E19_2.fq.gz
lib1	1	OSF_E146	fastqs/lib1/OSF_E146_1.fq.gz	fastqs/lib1/OSF_E146_2.fq.gz
lib1	1	OSF_E148	fastqs/lib1/OSF_E148_1.fq.gz	fastqs/lib1/OSF_E148_2.fq.gz
lib1	1	OSF_E231	fastqs/lib1/OSF_E231_1.fq.gz	fastqs/lib1/OSF_E231_2.fq.gz
lib1	1	OSF_E233	fastqs/lib1/OSF_E233_1.fq.gz	fastqs/lib1/OSF_E233_2.fq.gz
lib1	1	OSF_E239	fastqs/lib1/OSF_E239_1.fq.gz	fastqs/lib1/OSF_E239_2.fq.gz
lib1	1	OSF_E241	fastqs/lib1/OSF_E241_1.fq.gz	fastqs/lib1/OSF_E241_2.fq.gz
lib1	1	OSF_E242	fastqs/lib1/OSF_E242_1.fq.gz	fastqs/lib1/OSF_E242_2.fq.gz
lib1	1	OSF_E381	fastqs/lib1/OSF_E381_1.fq.gz	fastqs/lib1/OSF_E381_2.fq.gz
lib1	1	OSF_ERAAU_1	fastqs/lib1/OSF_ERAAU_1_1.fq.gz	fastqs/lib1/OSF_ERAAU_1_2.fq.gz
lib1	1	RACA_S10A	fastqs/lib1/RACA_S10A_1.fq.gz	fastqs/lib1/RACA_S10A_2.fq.gz
lib2	1	OSF_E246	fastqs/lib2/OSF_E246_1.fq.gz	fastqs/lib2/OSF_E246_2.fq.gz
lib2	1	OSF_E348	fastqs/lib2/OSF_E348_1.fq.gz	fastqs/lib2/OSF_E348_2.fq.gz
lib2	1	OSF_E356	fastqs/lib2/OSF_E356_1.fq.gz	fastqs/lib2/OSF_E356_2.fq.gz
lib2	1	OSF_E357	fastqs/lib2/OSF_E357_1.fq.gz	fastqs/lib2/OSF_E357_2.fq.gz
lib2	1	OSF_E20	fastqs/lib2/OSF_E20_1.fq.gz	fastqs/lib2/OSF_E20_2.fq.gz
lib2	1	OSF_E138	fastqs/lib2/OSF_E138_1.fq.gz	fastqs/lib2/OSF_E138_2.fq.gz
lib2	1	OSF_E139	fastqs/lib2/OSF_E139_1.fq.gz	fastqs/lib2/OSF_E139_2.fq.gz
lib2	1	OSF_E234	fastqs/lib2/OSF_E234_1.fq.gz	fastqs/lib2/OSF_E234_2.fq.gz
lib2	1	OSF_E236	fastqs/lib2/OSF_E236_1.fq.gz	fastqs/lib2/OSF_E236_2.fq.gz
lib2	1	OSF_E237	fastqs/lib2/OSF_E237_1.fq.gz	fastqs/lib2/OSF_E237_2.fq.gz
lib3	1	OSF_E25	fastqs/lib3/OSF_E25_1.fq.gz	fastqs/lib3/OSF_E25_2.fq.gz
lib3	1	OSF_E27	fastqs/lib3/OSF_E27_1.fq.gz	fastqs/lib3/OSF_E27_2.fq.gz
lib3	1	OSF_E31	fastqs/lib3/OSF_E31_1.fq.gz	fastqs/lib3/OSF_E31_2.fq.gz
lib3	1	OSF_E33	fastqs/lib3/OSF_E33_1.fq.gz	fastqs/lib3/OSF_E33_2.fq.gz
lib3	1	OSF_E37	fastqs/lib3/OSF_E37_1.fq.gz	fastqs/lib3/OSF_E37_2.fq.gz
lib3	1	OSF_E152	fastqs/lib3/OSF_E152_1.fq.gz	fastqs/lib3/OSF_E152_2.fq.gz
lib3	1	OSF_E158	fastqs/lib3/OSF_E158_1.fq.gz	fastqs/lib3/OSF_E158_2.fq.gz
lib3	1	OSF_E479	fastqs/lib3/OSF_E479_1.fq.gz	fastqs/lib3/OSF_E479_2.fq.gz
lib3	1	OSF_E161	fastqs/lib3/OSF_E161_1.fq.gz	fastqs/lib3/OSF_E161_2.fq.gz
lib3	1	OSF_E167	fastqs/lib3/OSF_E167_1.fq.gz	fastqs/lib3/OSF_E167_2.fq.gz
lib3	1	OSF_E248	fastqs/lib3/OSF_E248_1.fq.gz	fastqs/lib3/OSF_E248_2.fq.gz
lib3	1	OSF_E249	fastqs/lib3/OSF_E249_1.fq.gz	fastqs/lib3/OSF_E249_2.fq.gz
lib3	1	OSF_E251	fastqs/lib3/OSF_E251_1.fq.gz	fastqs/lib3/OSF_E251_2.fq.gz
lib3	1	OSF_E261	fastqs/lib3/OSF_E261_1.fq.gz	fastqs/lib3/OSF_E261_2.fq.gz
lib3	1	OSF_E263	fastqs/lib3/OSF_E263_1.fq.gz	fastqs/lib3/OSF_E263_2.fq.gz
lib3	1	OSF_E264	fastqs/lib3/OSF_E264_1.fq.gz	fastqs/lib3/OSF_E264_2.fq.gz
lib3	1	OSF_E265	fastqs/lib3/OSF_E265_1.fq.gz	fastqs/lib3/OSF_E265_2.fq.gz
lib3	1	OSF_E266	fastqs/lib3/OSF_E266_1.fq.gz	fastqs/lib3/OSF_E266_2.fq.gz
lib3	1	OSF_E268	fastqs/lib3/OSF_E268_1.fq.gz	fastqs/lib3/OSF_E268_2.fq.gz
lib3	1	OSF_E269	fastqs/lib3/OSF_E269_1.fq.gz	fastqs/lib3/OSF_E269_2.fq.gz
lib3	1	OSF_E382	fastqs/lib3/OSF_E382_1.fq.gz	fastqs/lib3/OSF_E382_2.fq.gz
lib3	1	OSF_E383	fastqs/lib3/OSF_E383_1.fq.gz	fastqs/lib3/OSF_E383_2.fq.gz
lib3	1	OSF_E390	fastqs/lib3/OSF_E390_1.fq.gz	fastqs/lib3/OSF_E390_2.fq.gz
lib3	1	OSF_E394	fastqs/lib3/OSF_E394_1.fq.gz	fastqs/lib3/OSF_E394_2.fq.gz
lib3	1	OSF_E396	fastqs/lib3/OSF_E396_1.fq.gz	fastqs/lib3/OSF_E396_2.fq.gz
lib3	1	OSF_ERAAU_2	fastqs/lib3/OSF_ERAAU_2_1.fq.gz	fastqs/lib3/OSF_ERAAU_2_2.fq.gz
lib4	1	OSF_E39	fastqs/lib4/OSF_E39_1.fq.gz	fastqs/lib4/OSF_E39_2.fq.gz
lib4	1	OSF_E58	fastqs/lib4/OSF_E58_1.fq.gz	fastqs/lib4/OSF_E58_2.fq.gz
lib4	1	OSF_E42	fastqs/lib4/OSF_E42_1.fq.gz	fastqs/lib4/OSF_E42_2.fq.gz
lib4	1	OSF_E43	fastqs/lib4/OSF_E43_1.fq.gz	fastqs/lib4/OSF_E43_2.fq.gz
lib4	1	OSF_E63	fastqs/lib4/OSF_E63_1.fq.gz	fastqs/lib4/OSF_E63_2.fq.gz
lib4	1	OSF_E168	fastqs/lib4/OSF_E168_1.fq.gz	fastqs/lib4/OSF_E168_2.fq.gz
lib4	1	OSF_E172	fastqs/lib4/OSF_E172_1.fq.gz	fastqs/lib4/OSF_E172_2.fq.gz
lib4	1	OSF_E173	fastqs/lib4/OSF_E173_1.fq.gz	fastqs/lib4/OSF_E173_2.fq.gz
lib4	1	OSF_E174	fastqs/lib4/OSF_E174_1.fq.gz	fastqs/lib4/OSF_E174_2.fq.gz
lib4	1	OSF_E175	fastqs/lib4/OSF_E175_1.fq.gz	fastqs/lib4/OSF_E175_2.fq.gz
lib4	1	OSF_E270	fastqs/lib4/OSF_E270_1.fq.gz	fastqs/lib4/OSF_E270_2.fq.gz
lib4	1	OSF_E273	fastqs/lib4/OSF_E273_1.fq.gz	fastqs/lib4/OSF_E273_2.fq.gz
lib4	1	OSF_E275	fastqs/lib4/OSF_E275_1.fq.gz	fastqs/lib4/OSF_E275_2.fq.gz
lib4	1	OSF_E278	fastqs/lib4/OSF_E278_1.fq.gz	fastqs/lib4/OSF_E278_2.fq.gz
lib4	1	OSF_E280	fastqs/lib4/OSF_E280_1.fq.gz	fastqs/lib4/OSF_E280_2.fq.gz
lib4	1	OSF_E281	fastqs/lib4/OSF_E281_1.fq.gz	fastqs/lib4/OSF_E281_2.fq.gz
lib4	1	OSF_E282	fastqs/lib4/OSF_E282_1.fq.gz	fastqs/lib4/OSF_E282_2.fq.gz
lib4	1	OSF_E290	fastqs/lib4/OSF_E290_1.fq.gz	fastqs/lib4/OSF_E290_2.fq.gz
lib4	1	OSF_E291	fastqs/lib4/OSF_E291_1.fq.gz	fastqs/lib4/OSF_E291_2.fq.gz
lib4	1	OSF_E292	fastqs/lib4/OSF_E292_1.fq.gz	fastqs/lib4/OSF_E292_2.fq.gz
lib4	1	OSF_E398	fastqs/lib4/OSF_E398_1.fq.gz	fastqs/lib4/OSF_E398_2.fq.gz
lib4	1	OSF_E400	fastqs/lib4/OSF_E400_1.fq.gz	fastqs/lib4/OSF_E400_2.fq.gz
lib4	1	OSF_E401	fastqs/lib4/OSF_E401_1.fq.gz	fastqs/lib4/OSF_E401_2.fq.gz
lib4	1	OSF_E403	fastqs/lib4/OSF_E403_1.fq.gz	fastqs/lib4/OSF_E403_2.fq.gz
lib4	1	OSF_E404	fastqs/lib4/OSF_E404_1.fq.gz	fastqs/lib4/OSF_E404_2.fq.gz
lib4	1	OSF_ERAAU_3	fastqs/lib4/OSF_ERAAU_3_1.fq.gz	fastqs/lib4/OSF_ERAAU_3_2.fq.gz
lib5	1	OSF_E64	fastqs/lib5/OSF_E64_1.fq.gz	fastqs/lib5/OSF_E64_2.fq.gz
lib5	1	OSF_E65	fastqs/lib5/OSF_E65_1.fq.gz	fastqs/lib5/OSF_E65_2.fq.gz
lib5	1	OSF_E66	fastqs/lib5/OSF_E66_1.fq.gz	fastqs/lib5/OSF_E66_2.fq.gz
lib5	1	OSF_E67	fastqs/lib5/OSF_E67_1.fq.gz	fastqs/lib5/OSF_E67_2.fq.gz
lib5	1	OSF_E68	fastqs/lib5/OSF_E68_1.fq.gz	fastqs/lib5/OSF_E68_2.fq.gz
lib5	1	OSF_E176	fastqs/lib5/OSF_E176_1.fq.gz	fastqs/lib5/OSF_E176_2.fq.gz
lib5	1	OSF_E177	fastqs/lib5/OSF_E177_1.fq.gz	fastqs/lib5/OSF_E177_2.fq.gz
lib5	1	OSF_E179	fastqs/lib5/OSF_E179_1.fq.gz	fastqs/lib5/OSF_E179_2.fq.gz
lib5	1	OSF_E182	fastqs/lib5/OSF_E182_1.fq.gz	fastqs/lib5/OSF_E182_2.fq.gz
lib5	1	OSF_E183	fastqs/lib5/OSF_E183_1.fq.gz	fastqs/lib5/OSF_E183_2.fq.gz
lib5	1	OSF_E293	fastqs/lib5/OSF_E293_1.fq.gz	fastqs/lib5/OSF_E293_2.fq.gz
lib5	1	OSF_E294	fastqs/lib5/OSF_E294_1.fq.gz	fastqs/lib5/OSF_E294_2.fq.gz
lib5	1	OSF_E296	fastqs/lib5/OSF_E296_1.fq.gz	fastqs/lib5/OSF_E296_2.fq.gz
lib5	1	OSF_E297	fastqs/lib5/OSF_E297_1.fq.gz	fastqs/lib5/OSF_E297_2.fq.gz
lib5	1	OSF_E298	fastqs/lib5/OSF_E298_1.fq.gz	fastqs/lib5/OSF_E298_2.fq.gz
lib5	1	OSF_E299	fastqs/lib5/OSF_E299_1.fq.gz	fastqs/lib5/OSF_E299_2.fq.gz
lib5	1	OSF_E303	fastqs/lib5/OSF_E303_1.fq.gz	fastqs/lib5/OSF_E303_2.fq.gz
lib5	1	OSF_E305	fastqs/lib5/OSF_E305_1.fq.gz	fastqs/lib5/OSF_E305_2.fq.gz
lib5	1	OSF_E308	fastqs/lib5/OSF_E308_1.fq.gz	fastqs/lib5/OSF_E308_2.fq.gz
lib5	1	OSF_E311	fastqs/lib5/OSF_E311_1.fq.gz	fastqs/lib5/OSF_E311_2.fq.gz
lib5	1	OSF_E406	fastqs/lib5/OSF_E406_1.fq.gz	fastqs/lib5/OSF_E406_2.fq.gz
lib5	1	OSF_E411	fastqs/lib5/OSF_E411_1.fq.gz	fastqs/lib5/OSF_E411_2.fq.gz
lib5	1	OSF_E412	fastqs/lib5/OSF_E412_1.fq.gz	fastqs/lib5/OSF_E412_2.fq.gz
lib5	1	OSF_E415	fastqs/lib5/OSF_E415_1.fq.gz	fastqs/lib5/OSF_E415_2.fq.gz
lib5	1	OSF_E416	fastqs/lib5/OSF_E416_1.fq.gz	fastqs/lib5/OSF_E416_2.fq.gz
lib5	1	OSF_ERAAU_4	fastqs/lib5/OSF_ERAAU_4_1.fq.gz	fastqs/lib5/OSF_ERAAU_4_2.fq.gz
lib6	1	OSF_E69	fastqs/lib6/OSF_E69_1.fq.gz	fastqs/lib6/OSF_E69_2.fq.gz
lib6	1	OSF_E70	fastqs/lib6/OSF_E70_1.fq.gz	fastqs/lib6/OSF_E70_2.fq.gz
lib6	1	OSF_E71	fastqs/lib6/OSF_E71_1.fq.gz	fastqs/lib6/OSF_E71_2.fq.gz
lib6	1	OSF_E72	fastqs/lib6/OSF_E72_1.fq.gz	fastqs/lib6/OSF_E72_2.fq.gz
lib6	1	OSF_E85	fastqs/lib6/OSF_E85_1.fq.gz	fastqs/lib6/OSF_E85_2.fq.gz
lib6	1	OSF_E186	fastqs/lib6/OSF_E186_1.fq.gz	fastqs/lib6/OSF_E186_2.fq.gz
lib6	1	OSF_E187	fastqs/lib6/OSF_E187_1.fq.gz	fastqs/lib6/OSF_E187_2.fq.gz
lib6	1	OSF_E189	fastqs/lib6/OSF_E189_1.fq.gz	fastqs/lib6/OSF_E189_2.fq.gz
lib6	1	OSF_E190	fastqs/lib6/OSF_E190_1.fq.gz	fastqs/lib6/OSF_E190_2.fq.gz
lib6	1	OSF_E192	fastqs/lib6/OSF_E192_1.fq.gz	fastqs/lib6/OSF_E192_2.fq.gz
lib6	1	OSF_E313	fastqs/lib6/OSF_E313_1.fq.gz	fastqs/lib6/OSF_E313_2.fq.gz
lib6	1	OSF_E314	fastqs/lib6/OSF_E314_1.fq.gz	fastqs/lib6/OSF_E314_2.fq.gz
lib6	1	OSF_E315	fastqs/lib6/OSF_E315_1.fq.gz	fastqs/lib6/OSF_E315_2.fq.gz
lib6	1	OSF_E321	fastqs/lib6/OSF_E321_1.fq.gz	fastqs/lib6/OSF_E321_2.fq.gz
lib6	1	OSF_E322	fastqs/lib6/OSF_E322_1.fq.gz	fastqs/lib6/OSF_E322_2.fq.gz
lib6	1	OSF_E323	fastqs/lib6/OSF_E323_1.fq.gz	fastqs/lib6/OSF_E323_2.fq.gz
lib6	1	OSF_E324	fastqs/lib6/OSF_E324_1.fq.gz	fastqs/lib6/OSF_E324_2.fq.gz
lib6	1	OSF_E325	fastqs/lib6/OSF_E325_1.fq.gz	fastqs/lib6/OSF_E325_2.fq.gz
lib6	1	OSF_E326	fastqs/lib6/OSF_E326_1.fq.gz	fastqs/lib6/OSF_E326_2.fq.gz
lib6	1	OSF_E327	fastqs/lib6/OSF_E327_1.fq.gz	fastqs/lib6/OSF_E327_2.fq.gz
lib6	1	OSF_E417	fastqs/lib6/OSF_E417_1.fq.gz	fastqs/lib6/OSF_E417_2.fq.gz
lib6	1	OSF_E419	fastqs/lib6/OSF_E419_1.fq.gz	fastqs/lib6/OSF_E419_2.fq.gz
lib6	1	OSF_E423	fastqs/lib6/OSF_E423_1.fq.gz	fastqs/lib6/OSF_E423_2.fq.gz
lib6	1	OSF_E426	fastqs/lib6/OSF_E426_1.fq.gz	fastqs/lib6/OSF_E426_2.fq.gz
lib6	1	OSF_E427	fastqs/lib6/OSF_E427_1.fq.gz	fastqs/lib6/OSF_E427_2.fq.gz
lib6	1	OSF_ERAAU_5	fastqs/lib6/OSF_ERAAU_5_1.fq.gz	fastqs/lib6/OSF_ERAAU_5_2.fq.gz
lib7	1	OSF_E86	fastqs/lib7/OSF_E86_1.fq.gz	fastqs/lib7/OSF_E86_2.fq.gz
lib7	1	OSF_E88	fastqs/lib7/OSF_E88_1.fq.gz	fastqs/lib7/OSF_E88_2.fq.gz
lib7	1	OSF_E89	fastqs/lib7/OSF_E89_1.fq.gz	fastqs/lib7/OSF_E89_2.fq.gz
lib7	1	OSF_E91	fastqs/lib7/OSF_E91_1.fq.gz	fastqs/lib7/OSF_E91_2.fq.gz
lib7	1	OSF_E94	fastqs/lib7/OSF_E94_1.fq.gz	fastqs/lib7/OSF_E94_2.fq.gz
lib7	1	OSF_E198	fastqs/lib7/OSF_E198_1.fq.gz	fastqs/lib7/OSF_E198_2.fq.gz
lib7	1	OSF_E200	fastqs/lib7/OSF_E200_1.fq.gz	fastqs/lib7/OSF_E200_2.fq.gz
lib7	1	OSF_E201	fastqs/lib7/OSF_E201_1.fq.gz	fastqs/lib7/OSF_E201_2.fq.gz
lib7	1	OSF_E208	fastqs/lib7/OSF_E208_1.fq.gz	fastqs/lib7/OSF_E208_2.fq.gz
lib7	1	OSF_E217	fastqs/lib7/OSF_E217_1.fq.gz	fastqs/lib7/OSF_E217_2.fq.gz
lib7	1	OSF_E328	fastqs/lib7/OSF_E328_1.fq.gz	fastqs/lib7/OSF_E328_2.fq.gz
lib7	1	OSF_E329	fastqs/lib7/OSF_E329_1.fq.gz	fastqs/lib7/OSF_E329_2.fq.gz
lib7	1	OSF_E330	fastqs/lib7/OSF_E330_1.fq.gz	fastqs/lib7/OSF_E330_2.fq.gz
lib7	1	OSF_E331	fastqs/lib7/OSF_E331_1.fq.gz	fastqs/lib7/OSF_E331_2.fq.gz
lib7	1	OSF_E332	fastqs/lib7/OSF_E332_1.fq.gz	fastqs/lib7/OSF_E332_2.fq.gz
lib7	1	OSF_E333	fastqs/lib7/OSF_E333_1.fq.gz	fastqs/lib7/OSF_E333_2.fq.gz
lib7	1	OSF_E334	fastqs/lib7/OSF_E334_1.fq.gz	fastqs/lib7/OSF_E334_2.fq.gz
lib7	1	OSF_E335	fastqs/lib7/OSF_E335_1.fq.gz	fastqs/lib7/OSF_E335_2.fq.gz
lib7	1	OSF_E336	fastqs/lib7/OSF_E336_1.fq.gz	fastqs/lib7/OSF_E336_2.fq.gz
lib7	1	OSF_E337	fastqs/lib7/OSF_E337_1.fq.gz	fastqs/lib7/OSF_E337_2.fq.gz
lib7	1	OSF_E428	fastqs/lib7/OSF_E428_1.fq.gz	fastqs/lib7/OSF_E428_2.fq.gz
lib7	1	OSF_E429	fastqs/lib7/OSF_E429_1.fq.gz	fastqs/lib7/OSF_E429_2.fq.gz
lib7	1	OSF_E430	fastqs/lib7/OSF_E430_1.fq.gz	fastqs/lib7/OSF_E430_2.fq.gz
lib7	1	OSF_E431	fastqs/lib7/OSF_E431_1.fq.gz	fastqs/lib7/OSF_E431_2.fq.gz
lib7	1	OSF_E432	fastqs/lib7/OSF_E432_1.fq.gz	fastqs/lib7/OSF_E432_2.fq.gz
lib8	1	OSF_E1	fastqs/lib8/OSF_E1_1.fq.gz	fastqs/lib8/OSF_E1_2.fq.gz
lib8	1	OSF_E2	fastqs/lib8/OSF_E2_1.fq.gz	fastqs/lib8/OSF_E2_2.fq.gz
lib8	1	OSF_E3	fastqs/lib8/OSF_E3_1.fq.gz	fastqs/lib8/OSF_E3_2.fq.gz
lib8	1	OSF_E4	fastqs/lib8/OSF_E4_1.fq.gz	fastqs/lib8/OSF_E4_2.fq.gz
lib8	1	OSF_E5	fastqs/lib8/OSF_E5_1.fq.gz	fastqs/lib8/OSF_E5_2.fq.gz
lib8	1	OSF_E6	fastqs/lib8/OSF_E6_1.fq.gz	fastqs/lib8/OSF_E6_2.fq.gz
lib8	1	OSF_E7	fastqs/lib8/OSF_E7_1.fq.gz	fastqs/lib8/OSF_E7_2.fq.gz
lib8	1	OSF_E8	fastqs/lib8/OSF_E8_1.fq.gz	fastqs/lib8/OSF_E8_2.fq.gz
lib8	1	OSF_E10	fastqs/lib8/OSF_E10_1.fq.gz	fastqs/lib8/OSF_E10_2.fq.gz
lib8	1	OSF_E12	fastqs/lib8/OSF_E12_1.fq.gz	fastqs/lib8/OSF_E12_2.fq.gz
lib8	1	OSF_E13	fastqs/lib8/OSF_E13_1.fq.gz	fastqs/lib8/OSF_E13_2.fq.gz
lib8	1	OSF_E141	fastqs/lib8/OSF_E141_1.fq.gz	fastqs/lib8/OSF_E141_2.fq.gz
lib8	1	OSF_E143	fastqs/lib8/OSF_E143_1.fq.gz	fastqs/lib8/OSF_E143_2.fq.gz
lib8	1	OSF_E144	fastqs/lib8/OSF_E144_1.fq.gz	fastqs/lib8/OSF_E144_2.fq.gz
lib8	1	OSF_E145	fastqs/lib8/OSF_E145_1.fq.gz	fastqs/lib8/OSF_E145_2.fq.gz
lib8	1	OSF_E147	fastqs/lib8/OSF_E147_1.fq.gz	fastqs/lib8/OSF_E147_2.fq.gz
lib8	1	OSF_E149	fastqs/lib8/OSF_E149_1.fq.gz	fastqs/lib8/OSF_E149_2.fq.gz
lib8	1	OSF_E150	fastqs/lib8/OSF_E150_1.fq.gz	fastqs/lib8/OSF_E150_2.fq.gz
lib8	1	OSF_E151	fastqs/lib8/OSF_E151_1.fq.gz	fastqs/lib8/OSF_E151_2.fq.gz
lib8	1	OSF_E235	fastqs/lib8/OSF_E235_1.fq.gz	fastqs/lib8/OSF_E235_2.fq.gz
lib8	1	OSF_E243	fastqs/lib8/OSF_E243_1.fq.gz	fastqs/lib8/OSF_E243_2.fq.gz
lib8	1	OSF_E244	fastqs/lib8/OSF_E244_1.fq.gz	fastqs/lib8/OSF_E244_2.fq.gz
lib8	1	OSF_E245	fastqs/lib8/OSF_E245_1.fq.gz	fastqs/lib8/OSF_E245_2.fq.gz
lib8	1	OSF_E247	fastqs/lib8/OSF_E247_1.fq.gz	fastqs/lib8/OSF_E247_2.fq.gz
lib8	1	OSF_E250	fastqs/lib8/OSF_E250_1.fq.gz	fastqs/lib8/OSF_E250_2.fq.gz
lib8	1	OSF_E252	fastqs/lib8/OSF_E252_1.fq.gz	fastqs/lib8/OSF_E252_2.fq.gz
lib8	1	OSF_E283	fastqs/lib8/OSF_E283_1.fq.gz	fastqs/lib8/OSF_E283_2.fq.gz
lib8	1	OSF_E344	fastqs/lib8/OSF_E344_1.fq.gz	fastqs/lib8/OSF_E344_2.fq.gz
lib8	1	OSF_E345	fastqs/lib8/OSF_E345_1.fq.gz	fastqs/lib8/OSF_E345_2.fq.gz
lib8	1	OSF_E346	fastqs/lib8/OSF_E346_1.fq.gz	fastqs/lib8/OSF_E346_2.fq.gz
lib8	1	OSF_E347	fastqs/lib8/OSF_E347_1.fq.gz	fastqs/lib8/OSF_E347_2.fq.gz
lib8	1	OSF_E349	fastqs/lib8/OSF_E349_1.fq.gz	fastqs/lib8/OSF_E349_2.fq.gz
lib8	1	OSF_E350	fastqs/lib8/OSF_E350_1.fq.gz	fastqs/lib8/OSF_E350_2.fq.gz
lib8	1	OSF_E351	fastqs/lib8/OSF_E351_1.fq.gz	fastqs/lib8/OSF_E351_2.fq.gz
lib8	1	OSF_E352	fastqs/lib8/OSF_E352_1.fq.gz	fastqs/lib8/OSF_E352_2.fq.gz
lib9	1	OSF_E14	fastqs/lib9/OSF_E14_1.fq.gz	fastqs/lib9/OSF_E14_2.fq.gz
lib9	1	OSF_E15	fastqs/lib9/OSF_E15_1.fq.gz	fastqs/lib9/OSF_E15_2.fq.gz
lib9	1	OSF_E16	fastqs/lib9/OSF_E16_1.fq.gz	fastqs/lib9/OSF_E16_2.fq.gz
lib9	1	OSF_E21	fastqs/lib9/OSF_E21_1.fq.gz	fastqs/lib9/OSF_E21_2.fq.gz
lib9	1	OSF_E22	fastqs/lib9/OSF_E22_1.fq.gz	fastqs/lib9/OSF_E22_2.fq.gz
lib9	1	OSF_E23	fastqs/lib9/OSF_E23_1.fq.gz	fastqs/lib9/OSF_E23_2.fq.gz
lib9	1	OSF_E24	fastqs/lib9/OSF_E24_1.fq.gz	fastqs/lib9/OSF_E24_2.fq.gz
lib9	1	OSF_E26	fastqs/lib9/OSF_E26_1.fq.gz	fastqs/lib9/OSF_E26_2.fq.gz
lib9	1	OSF_E28	fastqs/lib9/OSF_E28_1.fq.gz	fastqs/lib9/OSF_E28_2.fq.gz
lib9	1	OSF_E29	fastqs/lib9/OSF_E29_1.fq.gz	fastqs/lib9/OSF_E29_2.fq.gz
lib9	1	OSF_E32	fastqs/lib9/OSF_E32_1.fq.gz	fastqs/lib9/OSF_E32_2.fq.gz
lib9	1	OSF_E153	fastqs/lib9/OSF_E153_1.fq.gz	fastqs/lib9/OSF_E153_2.fq.gz
lib9	1	OSF_E154	fastqs/lib9/OSF_E154_1.fq.gz	fastqs/lib9/OSF_E154_2.fq.gz
lib9	1	OSF_E155	fastqs/lib9/OSF_E155_1.fq.gz	fastqs/lib9/OSF_E155_2.fq.gz
lib9	1	OSF_E156	fastqs/lib9/OSF_E156_1.fq.gz	fastqs/lib9/OSF_E156_2.fq.gz
lib9	1	OSF_E157	fastqs/lib9/OSF_E157_1.fq.gz	fastqs/lib9/OSF_E157_2.fq.gz
lib9	1	OSF_E159	fastqs/lib9/OSF_E159_1.fq.gz	fastqs/lib9/OSF_E159_2.fq.gz
lib9	1	OSF_E162	fastqs/lib9/OSF_E162_1.fq.gz	fastqs/lib9/OSF_E162_2.fq.gz
lib9	1	OSF_E163	fastqs/lib9/OSF_E163_1.fq.gz	fastqs/lib9/OSF_E163_2.fq.gz
lib9	1	OSF_E284	fastqs/lib9/OSF_E284_1.fq.gz	fastqs/lib9/OSF_E284_2.fq.gz
lib9	1	OSF_E285	fastqs/lib9/OSF_E285_1.fq.gz	fastqs/lib9/OSF_E285_2.fq.gz
lib9	1	OSF_E286	fastqs/lib9/OSF_E286_1.fq.gz	fastqs/lib9/OSF_E286_2.fq.gz
lib9	1	OSF_E289	fastqs/lib9/OSF_E289_1.fq.gz	fastqs/lib9/OSF_E289_2.fq.gz
lib9	1	OSF_E295	fastqs/lib9/OSF_E295_1.fq.gz	fastqs/lib9/OSF_E295_2.fq.gz
lib9	1	OSF_E300	fastqs/lib9/OSF_E300_1.fq.gz	fastqs/lib9/OSF_E300_2.fq.gz
lib9	1	OSF_E301	fastqs/lib9/OSF_E301_1.fq.gz	fastqs/lib9/OSF_E301_2.fq.gz
lib9	1	OSF_E302	fastqs/lib9/OSF_E302_1.fq.gz	fastqs/lib9/OSF_E302_2.fq.gz
lib9	1	OSF_E353	fastqs/lib9/OSF_E353_1.fq.gz	fastqs/lib9/OSF_E353_2.fq.gz
lib9	1	OSF_E354	fastqs/lib9/OSF_E354_1.fq.gz	fastqs/lib9/OSF_E354_2.fq.gz
lib9	1	OSF_E355	fastqs/lib9/OSF_E355_1.fq.gz	fastqs/lib9/OSF_E355_2.fq.gz
lib9	1	OSF_E384	fastqs/lib9/OSF_E384_1.fq.gz	fastqs/lib9/OSF_E384_2.fq.gz
lib9	1	OSF_E385	fastqs/lib9/OSF_E385_1.fq.gz	fastqs/lib9/OSF_E385_2.fq.gz
lib9	1	OSF_E386	fastqs/lib9/OSF_E386_1.fq.gz	fastqs/lib9/OSF_E386_2.fq.gz
lib9	1	OSF_E387	fastqs/lib9/OSF_E387_1.fq.gz	fastqs/lib9/OSF_E387_2.fq.gz
lib9	1	OSF_E388	fastqs/lib9/OSF_E388_1.fq.gz	fastqs/lib9/OSF_E388_2.fq.gz
lib9	2	OSF_E381R	fastqs/lib9/OSF_E381R_1.fq.gz	fastqs/lib9/OSF_E381R_2.fq.gz
lib9	2	OSF_E23R	fastqs/lib9/OSF_E23R_1.fq.gz	fastqs/lib9/OSF_E23R_2.fq.gz
lib11	1	OSF_E83	fastqs/lib11/OSF_E83_1.fq.gz	fastqs/lib11/OSF_E83_2.fq.gz
lib11	1	OSF_E84	fastqs/lib11/OSF_E84_1.fq.gz	fastqs/lib11/OSF_E84_2.fq.gz
lib11	1	OSF_E87	fastqs/lib11/OSF_E87_1.fq.gz	fastqs/lib11/OSF_E87_2.fq.gz
lib11	1	OSF_E90	fastqs/lib11/OSF_E90_1.fq.gz	fastqs/lib11/OSF_E90_2.fq.gz
lib11	1	OSF_E92	fastqs/lib11/OSF_E92_1.fq.gz	fastqs/lib11/OSF_E92_2.fq.gz
lib11	1	OSF_E93	fastqs/lib11/OSF_E93_1.fq.gz	fastqs/lib11/OSF_E93_2.fq.gz
lib11	1	OSF_E95	fastqs/lib11/OSF_E95_1.fq.gz	fastqs/lib11/OSF_E95_2.fq.gz
lib11	1	OSF_E96	fastqs/lib11/OSF_E96_1.fq.gz	fastqs/lib11/OSF_E96_2.fq.gz
lib11	1	OSF_E97	fastqs/lib11/OSF_E97_1.fq.gz	fastqs/lib11/OSF_E97_2.fq.gz
lib11	1	OSF_E121	fastqs/lib11/OSF_E121_1.fq.gz	fastqs/lib11/OSF_E121_2.fq.gz
lib11	1	OSF_E122	fastqs/lib11/OSF_E122_1.fq.gz	fastqs/lib11/OSF_E122_2.fq.gz
lib11	1	OSF_E181	fastqs/lib11/OSF_E181_1.fq.gz	fastqs/lib11/OSF_E181_2.fq.gz
lib11	1	OSF_E184	fastqs/lib11/OSF_E184_1.fq.gz	fastqs/lib11/OSF_E184_2.fq.gz
lib11	1	OSF_E185	fastqs/lib11/OSF_E185_1.fq.gz	fastqs/lib11/OSF_E185_2.fq.gz
lib11	1	OSF_E188	fastqs/lib11/OSF_E188_1.fq.gz	fastqs/lib11/OSF_E188_2.fq.gz
lib11	1	OSF_E191	fastqs/lib11/OSF_E191_1.fq.gz	fastqs/lib11/OSF_E191_2.fq.gz
lib11	1	OSF_E195	fastqs/lib11/OSF_E195_1.fq.gz	fastqs/lib11/OSF_E195_2.fq.gz
lib11	1	OSF_E196	fastqs/lib11/OSF_E196_1.fq.gz	fastqs/lib11/OSF_E196_2.fq.gz
lib11	1	OSF_E197	fastqs/lib11/OSF_E197_1.fq.gz	fastqs/lib11/OSF_E197_2.fq.gz
lib11	1	OSF_E318	fastqs/lib11/OSF_E318_1.fq.gz	fastqs/lib11/OSF_E318_2.fq.gz
lib11	1	OSF_E319	fastqs/lib11/OSF_E319_1.fq.gz	fastqs/lib11/OSF_E319_2.fq.gz
lib11	1	OSF_E320	fastqs/lib11/OSF_E320_1.fq.gz	fastqs/lib11/OSF_E320_2.fq.gz
lib11	1	OSF_E340	fastqs/lib11/OSF_E340_1.fq.gz	fastqs/lib11/OSF_E340_2.fq.gz
lib11	1	OSF_E407	fastqs/lib11/OSF_E407_1.fq.gz	fastqs/lib11/OSF_E407_2.fq.gz
lib11	1	OSF_E408	fastqs/lib11/OSF_E408_1.fq.gz	fastqs/lib11/OSF_E408_2.fq.gz
lib11	1	OSF_E409	fastqs/lib11/OSF_E409_1.fq.gz	fastqs/lib11/OSF_E409_2.fq.gz
lib11	1	OSF_E410	fastqs/lib11/OSF_E410_1.fq.gz	fastqs/lib11/OSF_E410_2.fq.gz
lib11	1	OSF_E414	fastqs/lib11/OSF_E414_1.fq.gz	fastqs/lib11/OSF_E414_2.fq.gz
lib11	1	OSF_E418	fastqs/lib11/OSF_E418_1.fq.gz	fastqs/lib11/OSF_E418_2.fq.gz
lib11	1	OSF_E420	fastqs/lib11/OSF_E420_1.fq.gz	fastqs/lib11/OSF_E420_2.fq.gz
lib11	1	OSF_E422	fastqs/lib11/OSF_E422_1.fq.gz	fastqs/lib11/OSF_E422_2.fq.gz
lib11	1	OSF_E424	fastqs/lib11/OSF_E424_1.fq.gz	fastqs/lib11/OSF_E424_2.fq.gz
lib11	1	OSF_E425	fastqs/lib11/OSF_E425_1.fq.gz	fastqs/lib11/OSF_E425_2.fq.gz
lib11	1	OSF_E435	fastqs/lib11/OSF_E435_1.fq.gz	fastqs/lib11/OSF_E435_2.fq.gz
lib11	1	OSF_E440	fastqs/lib11/OSF_E440_1.fq.gz	fastqs/lib11/OSF_E440_2.fq.gz
lib11	2	OSF_E352r	fastqs/lib11/OSF_E352r_1.fq.gz	fastqs/lib11/OSF_E352r_2.fq.gz
lib11	2	OSF_E95r	fastqs/lib11/OSF_E95r_1.fq.gz	fastqs/lib11/OSF_E95r_2.fq.gz
lib13	1	OSF_E98	fastqs/lib13/OSF_E98_1.fq.gz	fastqs/lib13/OSF_E98_2.fq.gz
lib13	1	OSF_E99	fastqs/lib13/OSF_E99_1.fq.gz	fastqs/lib13/OSF_E99_2.fq.gz
lib13	1	OSF_E100	fastqs/lib13/OSF_E100_1.fq.gz	fastqs/lib13/OSF_E100_2.fq.gz
lib13	1	OSF_E123	fastqs/lib13/OSF_E123_1.fq.gz	fastqs/lib13/OSF_E123_2.fq.gz
lib13	1	OSF_E361	fastqs/lib13/OSF_E361_1.fq.gz	fastqs/lib13/OSF_E361_2.fq.gz
lib13	1	OSF_E362	fastqs/lib13/OSF_E362_1.fq.gz	fastqs/lib13/OSF_E362_2.fq.gz
lib13	1	OSF_E363	fastqs/lib13/OSF_E363_1.fq.gz	fastqs/lib13/OSF_E363_2.fq.gz
lib13	1	OSF_E364	fastqs/lib13/OSF_E364_1.fq.gz	fastqs/lib13/OSF_E364_2.fq.gz
lib13	1	OSF_E224	fastqs/lib13/OSF_E224_1.fq.gz	fastqs/lib13/OSF_E224_2.fq.gz
lib13	1	OSF_E227	fastqs/lib13/OSF_E227_1.fq.gz	fastqs/lib13/OSF_E227_2.fq.gz
lib13	1	OSF_E230	fastqs/lib13/OSF_E230_1.fq.gz	fastqs/lib13/OSF_E230_2.fq.gz
lib13	1	OSF_E338	fastqs/lib13/OSF_E338_1.fq.gz	fastqs/lib13/OSF_E338_2.fq.gz
lib13	1	OSF_E339	fastqs/lib13/OSF_E339_1.fq.gz	fastqs/lib13/OSF_E339_2.fq.gz
lib13	1	OSF_E341	fastqs/lib13/OSF_E341_1.fq.gz	fastqs/lib13/OSF_E341_2.fq.gz
lib13	1	OSF_E342	fastqs/lib13/OSF_E342_1.fq.gz	fastqs/lib13/OSF_E342_2.fq.gz
lib13	1	OSF_E343	fastqs/lib13/OSF_E343_1.fq.gz	fastqs/lib13/OSF_E343_2.fq.gz
lib13	1	OSF_E433	fastqs/lib13/OSF_E433_1.fq.gz	fastqs/lib13/OSF_E433_2.fq.gz
lib13	1	OSF_E434	fastqs/lib13/OSF_E434_1.fq.gz	fastqs/lib13/OSF_E434_2.fq.gz
lib13	1	OSF_E436	fastqs/lib13/OSF_E436_1.fq.gz	fastqs/lib13/OSF_E436_2.fq.gz
lib13	1	OSF_E437	fastqs/lib13/OSF_E437_1.fq.gz	fastqs/lib13/OSF_E437_2.fq.gz
lib13	1	OSF_E438	fastqs/lib13/OSF_E438_1.fq.gz	fastqs/lib13/OSF_E438_2.fq.gz
lib13	1	OSF_E439	fastqs/lib13/OSF_E439_1.fq.gz	fastqs/lib13/OSF_E439_2.fq.gz
lib13	1	OSF_E142	fastqs/lib13/OSF_E142_1.fq.gz	fastqs/lib13/OSF_E142_2.fq.gz
lib13	1	OSF_E238	fastqs/lib13/OSF_E238_1.fq.gz	fastqs/lib13/OSF_E238_2.fq.gz
lib13	1	OSF_E358	fastqs/lib13/OSF_E358_1.fq.gz	fastqs/lib13/OSF_E358_2.fq.gz
lib13	2	OSF_E182R	fastqs/lib13/OSF_E182R_1.fq.gz	fastqs/lib13/OSF_E182R_2.fq.gz
lib3	1	BEAVER_RACA_2	fastqs/lib3/BEAVER_RACA_2_1.fq.gz	fastqs/lib3/BEAVER_RACA_2_2.fq.gz
lib4	1	17AUG22BEAVERRACA3	fastqs/lib4/17AUG22BEAVERRACA3_1.fq.gz	fastqs/lib4/17AUG22BEAVERRACA3_2.fq.gz
lib5	1	18AUG22BEAV_RACA_1	fastqs/lib5/18AUG22BEAV_RACA_1_1.fq.gz	fastqs/lib5/18AUG22BEAV_RACA_1_2.fq.gz
lib6	1	18AUG22BEAV_RACA4	fastqs/lib6/18AUG22BEAV_RACA4_1.fq.gz	fastqs/lib6/18AUG22BEAV_RACA4_2.fq.gz
