OSF_E301	Rogers_1	Allen_Cr
OSF_E302	Rogers_1	Allen_Cr
OSF_E321	Eastside_004	Beaver_Cr_WRP
OSF_E328	Eastside_004	Beaver_Cr_WRP
OSF_E269	47	Black_R_110th
OSF_E270	48	Black_R_110th
OSF_E285	Bades_12	Black_R_123rd
OSF_E286	Bades_12	Black_R_123rd
OSF_E348	Black_R_Ranch_1	Black_R_Mima_Cr
OSF_E341	Mima_CNLM_1	Black_R_Mima_Cr
OSF_E26	Anderson_1	Black_Slough
OSF_E27	Anderson_1	Black_Slough
OSF_E250	Little_Rock_Farm_1	Blooms_Ditch_Crockett
OSF_E251	Little_Rock_Farm_1	Blooms_Ditch_Crockett
OSF_E42	East_Swale	Catalyst
OSF_E43	East_Swale	Catalyst
OSF_E429	C_and_H_S	Conboy_Lk
OSF_E430	Camas_E	Conboy_Lk
OSF_E168	E_of_Post_1	Dempsey_Cr
OSF_E163	N_Margin_S	Dempsey_Cr
OSF_E143	Fish_Pond_Cr_54	Fish_Pond_Cr
OSF_E147	Fish_Pond_Cr_54	Fish_Pond_Cr
OSF_E11	Cen_Sec_C01	Potter_Rd
OSF_E13	Cen_Sec_C02	Potter_Rd
17AUG22BEAVERRACA3	RACA_Beaver_Marsh	RACA_Mink_Lk
18AUG22BEAV_RACA_1	RACA_Beaver_Marsh	RACA_Mink_Lk
18AUG22BEAV_RACA4	RACA_Beaver_Marsh	RACA_Mink_Lk
BEAVER_RACA_2	RACA_Beaver_Marsh	RACA_Mink_Lk
RACA_S10A	RACA_unknown	RACA_unknown
OSF_E227	Rails_to_Trails_39	Rails_to_Trails
OSF_E224	Rails_to_Trails_41	Rails_to_Trails
OSF_E208	Century_Preserve	Salmon_Cr_Case_Rd
OSF_E217	Century_Preserve	Salmon_Cr_Case_Rd
OSF_E181	Salmon_Cr_Littlerock_Rd	Salmon_Cr_Littlerock_Rd
OSF_E182	Salmon_Cr_Littlerock_Rd	Salmon_Cr_Littlerock_Rd
OSF_E121	Samish_R_Mills_Cr	Samish_R_Mills_Cr
OSF_E122	Samish_R_Mills_Cr	Samish_R_Mills_Cr
OSF_E95	Erlholm	Samish_R_Preserve
OSF_E95r	Erlholm	Samish_R_Preserve
OSF_E63	Stover	SF-10
OSF_E64	Stover	SF-10
OSF_E400	Ovi_1	SPS_Wildlife_Area
OSF_E381	Ovi_2	SPS_Wildlife_Area
OSF_E414	Clarksville_Flag_22_6	Trout_Lk
OSF_E407	Clarksville_Flag_22_7	Trout_Lk
OSF_ERAAU_1	Forbes_Basin	U_Dempsey_Cr
OSF_ERAAU_2	Forbes_Basin	U_Dempsey_Cr
OSF_ERAAU_3	Forbes_Basin	U_Dempsey_Cr
OSF_ERAAU_4	Forbes_Basin	U_Dempsey_Cr
OSF_ERAAU_5	Forbes_Basin	U_Dempsey_Cr
