210047	Cr_Channel_N	Annie_Cr
210073	Cr_Channel_S	Annie_Cr
210191	Cr_Channel_S	Annie_Cr
210235	Cr_Channel_S	Annie_Cr
221106	Whitehouse_Spring	Hog_Cr
211751	NW_Pasture	Buck_Lk
211789	NW_Pasture	Buck_Lk
211776	NW_Pasture	Buck_Lk
OSF_E9	Cen_Sec_C05	Potter_Rd
OSF_E11	Cen_Sec_C01	Potter_Rd
OSF_E18	Nor_Sec_N01	Potter_Rd
OSF_E19	Nor_Sec_N01	Potter_Rd
OSF_E146	Fish_Pond_Cr_66	Fish_Pond_Cr
OSF_E148	Fish_Pond_Cr_66	Fish_Pond_Cr
OSF_E231	Rails_to_Trails_44	Rails_to_Trails
OSF_E233	Rails_to_Trails_45	Rails_to_Trails
OSF_E239	Rails_to_Trails_45	Rails_to_Trails
OSF_E241	Little_Rock_Farm_6	Blooms_Ditch_Crockett
OSF_E242	Little_Rock_Farm_6	Blooms_Ditch_Crockett
OSF_E381	Ovi_2	SPS_Wildlife_Area
OSF_ERAAU_1	RAAU_unknown	RAAU_unknown
RACA_S10A	RACA_unknown	RACA_unknown
DEEX_C01	East_Exc	Dilman
WRH2_A01	Hawkins2	Wood_R_Canal
WRH2_B01	Hawkins2	Wood_R_Canal
WRH2_H01	Hawkins2	Wood_R_Canal
WRH2_I02	Hawkins2	Wood_R_Canal
WRH2_J01	Hawkins2	Wood_R_Canal
KM_NWR_MC2_EM01_A1	Military_Crossing	KMNWR
KM_NWR_MC3_EM1_A1	Military_Crossing	KMNWR
KM_NWR_MC3_EM2_A1	Military_Crossing	KMNWR
KM_NWR_MC5_EM01_A1	Military_Crossing	KMNWR
KM_NWR_MC5_EM04_A1	Military_Crossing	KMNWR
KM_NWR_MC5_EM05_A1	Military_Crossing	KMNWR
KM_PEN_RD_EM2_A1	Peninsula_Rd	KMNWR
KM_PEN_RD_EM4_A1	Peninsula_Rd	KMNWR
KM_PEN_RD_EM7_A1	Peninsula_Rd	KMNWR
KMNWRCHOLO_EM03_A1	Chollo	KMNWR
KMNWRCHOLO_EM04_A1	Chollo	KMNWR
KM_CHOL_EM6_A1	Chollo	KMNWR
OSF_E246	Little_Rock_Farm_3	Blooms_Ditch_Crockett
OSF_E348	Black_R_Ranch_1	Black_R_Mima_Cr
OSF_E356	WDFW_Mima_1	Black_R_Mima_Cr
OSF_E357	WDFW_Mima_1	Black_R_Mima_Cr
PD1E_H02	Pond1_E	Dilman
DP1W_A01	Pond1_W	Dilman
DSBT_A01	SBt	Dilman
DEEX_A02	East_Exc	Dilman
WRH2_C01	Hawkins2	Wood_R_Canal
WRH2_D01	Hawkins2	Wood_R_Canal
WRH2_E01	Hawkins2	Wood_R_Canal
WRH2_F01	Hawkins2	Wood_R_Canal
WRH2_L01	Hawkins2	Wood_R_Canal
WRBS_A02	BLM	Wood_R_Canal
WRBS_B01	BLM	Wood_R_Canal
WRBS_D01	BLM	Wood_R_Canal
KM_NWR_MC3_EM3_A1	Military_Crossing	KMNWR
KM_NWR_MC3_EM04_A1	Military_Crossing	KMNWR
KM_NWR_MC3_EM5_A1	Military_Crossing	KMNWR
KM_MC6_EM2_A1	Military_Crossing	KMNWR
KM_NWR_MC7_EM01_A1	Military_Crossing	KMNWR
KM_MC7_EM2_A1	Military_Crossing	KMNWR
KM_PEN_RD_EM8_A1	Peninsula_Rd	KMNWR
KM_PEN_RD_EM9_A1	Peninsula_Rd	KMNWR
KM_PEN_RD_EM10_A1	Peninsula_Rd	KMNWR
CHOL_EM7_A1	Chollo	KMNWR
KM_NWR_DEVINE_EM01_A2	Devine	KMNWR
KM_NWR_DEVINE_EM02_A1	Devine	KMNWR
USGS_220449	Cr_Channel_S	Annie_Cr
USGS_220356	Cr_Channel_S	Annie_Cr
USGS_220341	Cr_Channel_S	Annie_Cr
USGS_211875	NW_Pasture	Buck_Lk
USGS_212263	NW_Pasture	Buck_Lk
USGS_211861	NW_Pasture	Buck_Lk
OSF_E20	Nor_Sec_N01	Potter_Rd
OSF_E138	Samish_R_Mills_Cr	Samish_R_Mills_Cr
OSF_E139	Samish_R_Mills_Cr	Samish_R_Mills_Cr
OSF_E234	Rails_to_Trails_45	Rails_to_Trails
OSF_E236	Rails_to_Trails_45	Rails_to_Trails
OSF_E237	Rails_to_Trails_45	Rails_to_Trails
211888	NW_Pasture	Buck_Lk
211903	NW_Pasture	Buck_Lk
211848	NW_Pasture	Buck_Lk
220900	Camas_Pr	Camas_Pr
220848	Camas_Pr	Camas_Pr
220870	Camas_Pr	Camas_Pr
220892	Camas_Pr	Camas_Pr
220926	Camas_Pr	Camas_Pr
220677	Camas_Pr	Camas_Pr
220730	Camas_Pr	Camas_Pr
221453	Crane_Pr_CultusCr_to_CultusR	Upp_Deschutes
221678	Crane_Pr_CultusCr_to_CultusR	Upp_Deschutes
221961	Crane_Pr_CultusR_to_DeschutesR	Upp_Deschutes
221465	Crane_Pr_CultusR_to_DeschutesR	Upp_Deschutes
212359	Dead_Slough	Dead_Slough
212360	Dead_Slough	Dead_Slough
OSF_E25	Fox	Black_Slough
OSF_E27	Anderson_1	Black_Slough
OSF_E31	Anderson_2	Black_Slough
OSF_E33	Barker_01	Black_Slough
OSF_E37	Barker_04	Black_Slough
OSF_E152	Fish_Pond_Cr_66	Fish_Pond_Cr
OSF_E158	Fish_Pond_Cr_66	Fish_Pond_Cr
OSF_E479	Kirsop_Rd	Fish_Pond_Cr
OSF_E161	Wilson_Dairy_W01_1	Dempsey_Cr
OSF_E167	Park_Pool_2	Dempsey_Cr
OSF_E248	Little_Rock_Farm_2	Blooms_Ditch_Crockett
OSF_E249	Little_Rock_Farm_2	Blooms_Ditch_Crockett
OSF_E251	Little_Rock_Farm_1	Blooms_Ditch_Crockett
OSF_E261	110th_37	Black_R_110th
OSF_E263	110th_36	Black_R_110th
OSF_E264	110th_36	Black_R_110th
OSF_E265	110th_38	Black_R_110th
OSF_E266	110th_38	Black_R_110th
OSF_E268	110th_36	Black_R_110th
OSF_E269	47	Black_R_110th
OSF_E382	Ovi_3	SPS_Wildlife_Area
OSF_E383	Ovi_3	SPS_Wildlife_Area
OSF_E390	Ovi_5	SPS_Wildlife_Area
OSF_E394	Ovi_7	SPS_Wildlife_Area
OSF_E396	Ovi_7	SPS_Wildlife_Area
OSF_ERAAU_2	Forbes_Basin	U_Dempsey_Cr
BEAVER_RACA_2	RACA_Beaver_Marsh	RACA_Mink_Lk
DEV_EM10_A1	Devine	KMNWR
KM_NWR_DEV_EM11_A2	Devine	KMNWR
KM_NWR_DEV_EM12_A1	Devine	KMNWR
KM_NWR_DEV_EM13_A1	Devine	KMNWR
KM_NWR_DEV_EM14_A1	Devine	KMNWR
KM_NWR_DEV_EM15_A1	Devine	KMNWR
KM_DEV_EM20_A1	Devine	KMNWR
KM_DEV_EM22_A1	Devine	KMNWR
KM_DEV_EM24_A1	Devine	KMNWR
DEV_EM25_A1	Devine	KMNWR
4_MILE_BEAV_EM3_A1	Main_Beaver_Pond1	Four_Mile_Cr
4MILE_MARSH_EM1_A1	Marsh	Four_Mile_Cr
4MILE_MARSH_EM2_A1	Marsh	Four_Mile_Cr
BS_GAG_D_EM3_A1	Big_Spr_W_Gage	KMNWR
BS_GAG_D_EM5_A2	Big_Spr_W_Gage	KMNWR
CAP_USGS_KMHQ_A01	Headquarters	KMNWR
CAP_SRV1_A01	Vista	Sunriver
CAP_SRV1_B01	Vista	Sunriver
CAP_SRV2_A01	Vista	Sunriver
CAP_SRV3_A01	Vista	Sunriver
CAP_SRV3_B01	Vista	Sunriver
CAP_SRV3_C01	Vista	Sunriver
CAP_SRV3_E01	Vista	Sunriver
CAP_SRV4_A02	Vista	Sunriver
CAP_SRV4_B01	Vista	Sunriver
CAP_SRV4_C01	Vista	Sunriver
CAP_SRV4_D01	Vista	Sunriver
CAP_SRV4_E02	Vista	Sunriver
CAP_SRV4_F01	Vista	Sunriver
CAP_SRV4_H01	Vista	Sunriver
CAP_SRV4_I01	Vista	Sunriver
CAP_SRV4_J01	Vista	Sunriver
CAP_SRV4_K01	Vista	Sunriver
CAP_SRV4_M01	Vista	Sunriver
CAP_SRNT_A03	9th_Tee_Pond	Sunriver
CAP_SRNT_B01	9th_Tee_Pond	Sunriver
CAP_SRNT_C01	9th_Tee_Pond	Sunriver
CAP_SRNT_D02	9th_Tee_Pond	Sunriver
CAP_SRNT_E01	9th_Tee_Pond	Sunriver
CAP_SRNT_F01	9th_Tee_Pond	Sunriver
CAP_SRNT_G01	9th_Tee_Pond	Sunriver
CAP_SRNT_H02	9th_Tee_Pond	Sunriver
CAP_SRNT_I01	9th_Tee_Pond	Sunriver
CAP_LOXW_AO2	Lodge_Oxbow_W_Bay	Crosswater
CAP_LOXW_BO1	Lodge_Oxbow_W_Bay	Crosswater
CAP_LOXW_CO1	Lodge_Oxbow_W_Bay	Crosswater
CAP_LOXW_DO1	Lodge_Oxbow_W_Bay	Crosswater
CAP_LOXW_EO1	Lodge_Oxbow_W_Bay	Crosswater
CAP_LOXW_FO2	Lodge_Oxbow_W_Bay	Crosswater
CAP_LOXW_GO1	Lodge_Oxbow_W_Bay	Crosswater
CAP_LOXW_HO1	Lodge_Oxbow_W_Bay	Crosswater
222255	Dogleg3_Middle_S	L_Deschutes
222265	Dogleg3_Middle_S	L_Deschutes
222282	Dogleg3_Middle_S	L_Deschutes
222293	Dogleg3_Middle_S	L_Deschutes
RAPR8_9_22_1	Gold_Lk	Gold_Lk
RAPR8_9_22_2	Gold_Lk	Gold_Lk
LJM26JUN18_2_RAPR	L_Jameson	Jack-Jameson
LJM26JUN18_6_RAPR	L_Jameson	Jack-Jameson
LJ8AUG19_3_RAPR_F	L_Jameson	Jack-Jameson
222074	Moffitt	Jack-Jameson
211987	Middle_Jack	Jack-Jameson
212003	Middle_Jack	Jack-Jameson
212006	Middle_Jack	Jack-Jameson
211720	Middle_Jack	Jack-Jameson
211698	Middle_Jack	Jack-Jameson
211686	Middle_Jack	Jack-Jameson
OSF_E39	Fox_2	Black_Slough
OSF_E58	SF_12	Black_Slough
OSF_E42	East_Swale	Catalyst
OSF_E43	East_Swale	Catalyst
OSF_E63	Stover	SF-10
OSF_E168	E_of_Post_1	Dempsey_Cr
OSF_E172	Pipeline_02	Dempsey_Cr
OSF_E173	Pipeline_24	Dempsey_Cr
OSF_E174	Pipeline_25	Dempsey_Cr
OSF_E175	Pipeline_28	Dempsey_Cr
OSF_E270	48	Black_R_110th
OSF_E273	110th_38	Black_R_110th
OSF_E275	110th_38	Black_R_110th
OSF_E278	110th_36	Black_R_110th
OSF_E280	The_Bend_46	Black_R_110th
OSF_E281	Donkey_Corner_4	Black_R_123rd
OSF_E282	Donkey_Corner_4	Black_R_123rd
OSF_E290	Meadow_8	Black_R_123rd
OSF_E291	Meadow_2	Black_R_123rd
OSF_E292	Meadow_9	Black_R_123rd
OSF_E398	Ovi_9	SPS_Wildlife_Area
OSF_E400	Ovi_1	SPS_Wildlife_Area
OSF_E401	Interior_main	Trout_Lk
OSF_E403	E_Marsh_Mid_1	Trout_Lk
OSF_E404	Elk_Meadows_Far_E	Trout_Lk
OSF_ERAAU_3	Forbes_Basin	U_Dempsey_Cr
17AUG22BEAVERRACA3	RACA_Beaver_Marsh	RACA_Mink_Lk
CAP_LOXW_KO1	Lodge_Oxbow_W_Bay	Crosswater
CAP_LOXW_LO1	Lodge_Oxbow_W_Bay	Crosswater
CAP_LOXE_A01	Lodge_Oxbow_W_Bay	Crosswater
CAP_LOXE_B01	Lodge_Oxbow_W_Bay	Crosswater
CAP_LOXE_C01	Lodge_Oxbow_W_Bay	Crosswater
CAP_LOXE_D01	Lodge_Oxbow_W_Bay	Crosswater
CAP_LOXE_E02	Lodge_Oxbow_W_Bay	Crosswater
CAP_LOXE_F01	Lodge_Oxbow_W_Bay	Crosswater
CAP_LOXE_G01	Lodge_Oxbow_W_Bay	Crosswater
CAP_LOXE_H01	Lodge_Oxbow_W_Bay	Crosswater
CAP_LOXE_I01	Lodge_Oxbow_W_Bay	Crosswater
CAP_LOXE_J01	Lodge_Oxbow_W_Bay	Crosswater
CAP_LOXE_K01	Lodge_Oxbow_W_Bay	Crosswater
CAP_LOXE_L01	Lodge_Oxbow_W_Bay	Crosswater
CAP_LOXE_M01	Lodge_Oxbow_W_Bay	Crosswater
CAP_NDR_A02	N_Driving_Range	Crosswater
CAP_NDR_B01	N_Driving_Range	Crosswater
CAP_NDR_C01	N_Driving_Range	Crosswater
CAP_NDR_D01	N_Driving_Range	Crosswater
CAP_NDR_E01	N_Driving_Range	Crosswater
CAP_NDR_F01	N_Driving_Range	Crosswater
CAP_NDR_G01	N_Driving_Range	Crosswater
CAP_NDR_H01	N_Driving_Range	Crosswater
CAP_NDR_I02	N_Driving_Range	Crosswater
NDR_J01	N_Driving_Range	Crosswater
CAP_NDR_K01	N_Driving_Range	Crosswater
CAP_NDR_L01	N_Driving_Range	Crosswater
CAP_NDR_M02	N_Driving_Range	Crosswater
CAP_NDR_N01	N_Driving_Range	Crosswater
CAP_NDR_O01	N_Driving_Range	Crosswater
CAP_NDR_P01	N_Driving_Range	Crosswater
CAP_NDR_R01	N_Driving_Range	Crosswater
CAP_NDR_S01	N_Driving_Range	Crosswater
CAP_NDR_T01	N_Driving_Range	Crosswater
CAP_FWY2_A01	Fairway2	Crosswater
CAP_FWY2_B01	Fairway2	Crosswater
CAP_FWY2_C02	Fairway2	Crosswater
CAP_FWY2_D01	Fairway2	Crosswater
CAP_FWY2_E02	Fairway2	Crosswater
CAP_BUL_A01	Bullfrog_Pond	Crosswater
CAP_BUL_B03	Bullfrog_Pond	Crosswater
CAP_BUL_D01	Bullfrog_Pond	Crosswater
CAP_BUL_E01	Bullfrog_Pond	Crosswater
CAP_BUL_G01	Bullfrog_Pond	Crosswater
CAP_BUL_H01	Bullfrog_Pond	Crosswater
CAP_BUL_I01	Bullfrog_Pond	Crosswater
CAP_BUL_J02	Bullfrog_Pond	Crosswater
CAP_BUL_K02	Bullfrog_Pond	Crosswater
CAP_BUL_L02	Bullfrog_Pond	Crosswater
CAP_BUL_M02	Bullfrog_Pond	Crosswater
CAP_BUL_N01	Bullfrog_Pond	Crosswater
211671	Middle_Jack	Jack-Jameson
211647	Middle_Jack	Jack-Jameson
211610	Middle_Jack	Jack-Jameson
211621	Middle_Jack	Jack-Jameson
211594	Middle_Jack	Jack-Jameson
JME29AUG_11	U_Jameson	Jack-Jameson
JME29AUG_7	U_Jameson	Jack-Jameson
JME29AUG_9	U_Jameson	Jack-Jameson
211419	South_Oxbow	Lapine_SP
K16AUG17_01	Kane_N_Big_Springs	Klamath_Refuge
KM11SEPT19_1X	TerrEast1	Klamath_Refuge
KM11SEPT19_2X	TerrEast1	Klamath_Refuge
16AUG22RAPR1BEAV	Beaver_Marsh	Mink_Lk
18AUG22BEAVRAPR10	Beaver_Marsh	Mink_Lk
18AUG22BEAVRAPR15	Beaver_Marsh	Mink_Lk
17AUG22CABINRAPR1	Cabin_Meadows	Mink_Lk
OSF_E64	Stover	SF-10
OSF_E65	Stover	SF-10
OSF_E66	Stover	SF-10
OSF_E67	Stover	SF-10
OSF_E68	Stover	SF-10
OSF_E176	Pipeline_40	Dempsey_Cr
OSF_E177	Pipeline_43	Dempsey_Cr
OSF_E179	Pipeline_42	Dempsey_Cr
OSF_E182	Salmon_Cr_Littlerock_Rd	Salmon_Cr_Littlerock_Rd
OSF_E183	Salmon_Cr_Littlerock_Rd	Salmon_Cr_Littlerock_Rd
OSF_E293	Meadow_7	Black_R_123rd
OSF_E294	S123_34_5	Black_R_123rd
OSF_E296	S123_31	Black_R_123rd
OSF_E297	Gate_32	Black_R_123rd
OSF_E298	Gate_32	Black_R_123rd
OSF_E299	Gate_35	Black_R_123rd
OSF_E303	White_3	Allen_Cr
OSF_E305	White_3	Allen_Cr
OSF_E308	White_3	Allen_Cr
OSF_E311	White_3	Allen_Cr
OSF_E406	E_March_S_flag_22_14	Trout_Lk
OSF_E411	Tree_Snag_2	Trout_Lk
OSF_E412	USFS_Beaver_Pond	Trout_Lk
OSF_E415	E_Marsh_Mid_2	Trout_Lk
OSF_E416	Elk_Meadows_Mid_W	Trout_Lk
OSF_ERAAU_4	Forbes_Basin	U_Dempsey_Cr
18AUG22BEAV_RACA_1	RACA_Beaver_Marsh	RACA_Mink_Lk
CAP_BUL_R01	Bullfrog_Pond	Crosswater
CAP_BUL_S01	Bullfrog_Pond	Crosswater
CAP_BUL_T02	Bullfrog_Pond	Crosswater
CAP_BUL_V02	Bullfrog_Pond	Crosswater
CAP_BUL_W01	Bullfrog_Pond	Crosswater
CAP_BUL_X02	Bullfrog_Pond	Crosswater
CAP_NCP_A01	Nature_Cntr_Pond	Sunriver
CAP_NCP_B01	Nature_Cntr_Pond	Sunriver
CAP_NCP_D02	Nature_Cntr_Pond	Sunriver
CAP_NCP_E03	Nature_Cntr_Pond	Sunriver
CAP_NCP_F01	Nature_Cntr_Pond	Sunriver
CAP_NCP_H01	Nature_Cntr_Pond	Sunriver
CAP_NCP_I01	Nature_Cntr_Pond	Sunriver
CAP_NCP_J02	Nature_Cntr_Pond	Sunriver
CAP_NCP_K01	Nature_Cntr_Pond	Sunriver
CAP_NCP_L01	Nature_Cntr_Pond	Sunriver
CAP_NCP_M01	Nature_Cntr_Pond	Sunriver
CAP_NCP_N01	Nature_Cntr_Pond	Sunriver
CAP_NCP_P01	Nature_Cntr_Pond	Sunriver
CAP_NCP_Q01	Nature_Cntr_Pond	Sunriver
CAP_NCP_R01	Nature_Cntr_Pond	Sunriver
CAP_NCP_S02	Nature_Cntr_Pond	Sunriver
CAP_NCP_T02	Nature_Cntr_Pond	Sunriver
CAP_NCP_V01	Nature_Cntr_Pond	Sunriver
CAP_SRNT_K01	9th_Tee_Pond	Sunriver
CAP_SRNT_L01	9th_Tee_Pond	Sunriver
CAP_SRNT_M01	9th_Tee_Pond	Sunriver
CAP_SRNT_N01	9th_Tee_Pond	Sunriver
CAP_SRNT_O02	9th_Tee_Pond	Sunriver
CAP_SRNT_R03	9th_Tee_Pond	Sunriver
CAP_SRNT_S02	9th_Tee_Pond	Sunriver
CAP_SRDP_A01	Duck_Pond	Sunriver
CAP_SRDP_B01	Duck_Pond	Sunriver
CAP_SRDP_C02	Duck_Pond	Sunriver
CAP_SRDP_D02	Duck_Pond	Sunriver
CAP_SRDP_E01	Duck_Pond	Sunriver
CAP_SRDP_F01	Duck_Pond	Sunriver
CAP_SRDP_G02	Duck_Pond	Sunriver
CAP_SRDP_H01	Duck_Pond	Sunriver
CAP_SRDP_I02	Duck_Pond	Sunriver
CAP_SRDP_J01	Duck_Pond	Sunriver
CAP_SRFW_A01	17th_Fairway	Sunriver
CAP_SRFW_B01	17th_Fairway	Sunriver
CAP_SRFW_C01	17th_Fairway	Sunriver
CAP_SRFW_D01	17th_Fairway	Sunriver
CAP_SRFW_E01	17th_Fairway	Sunriver
CAP_SRFW_F01	17th_Fairway	Sunriver
CAP_SRFW_G02	17th_Fairway	Sunriver
CAP_BIMA_A01	E_Big_Marsh	Big_Marsh
CAP_BIMA_B01	E_Big_Marsh	Big_Marsh
CAP_BIMA_C02	E_Big_Marsh	Big_Marsh
USGS_210631	Main_Pond	Sevenmile_Cr
USGS_210736	Main_Pond	Sevenmile_Cr
USGS_210754	Main_Pond	Sevenmile_Cr
USGS_211813	Main_Pond	Sevenmile_Cr
USGS_221631	NE_Fen	Odell_Cr
USGS_221843	NE_Fen	Odell_Cr
USGS_221870	NE_Fen	Odell_Cr
USGS_221891	NE_Fen	Odell_Cr
USGS_221905	NE_Fen	Odell_Cr
USGS_221920	NE_Fen	Odell_Cr
USGS_220198	Old_Mill	Old_Mill
SCE1AUG17_03	Slough_Camp_E_Marsh	Slough_Camp_E_Marsh
SCE1AUG17_05	Slough_Camp_E_Marsh	Slough_Camp_E_Marsh
SCE1AUG17_26	Slough_Camp_E_Marsh	Slough_Camp_E_Marsh
SCE2AUG17_31	Slough_Camp_E_Marsh	Slough_Camp_E_Marsh
SCE2AUG17_32	Slough_Camp_E_Marsh	Slough_Camp_E_Marsh
OSF_E86	SRP_SE_Meadow_SEM_2	Samish_R_Preserve
OSF_E88	SRP_SE_Meadow_SEM_1	Samish_R_Preserve
OSF_E89	S_Pond_SP_001	Samish_R_Preserve
OSF_E91	SRP_SE_Meadow_SEM_3	Samish_R_Preserve
OSF_E94	Innis_Cr_Rd_ICR_002	Samish_R_Preserve
OSF_E198	Salmon_Cr_Littlerock_Rd	Salmon_Cr_Littlerock_Rd
OSF_E200	Salmon_Cr_Littlerock_Rd	Salmon_Cr_Littlerock_Rd
OSF_E201	Strobl_Property	Salmon_Cr_Case_Rd
OSF_E208	Century_Preserve	Salmon_Cr_Case_Rd
OSF_E217	Century_Preserve	Salmon_Cr_Case_Rd
OSF_E328	Eastside_004	Beaver_Cr_WRP
OSF_E329	Westside_001	Beaver_Cr_WRP
OSF_E330	Westside_003	Beaver_Cr_WRP
OSF_E331	Westside_003	Beaver_Cr_WRP
OSF_E332	Westside_002	Beaver_Cr_WRP
OSF_E333	Westside_003	Beaver_Cr_WRP
OSF_E334	Westside_005	Beaver_Cr_WRP
OSF_E335	Eastside_004	Beaver_Cr_WRP
OSF_E336	Westside_001	Beaver_Cr_WRP
OSF_E337	Westside_009	Beaver_Cr_WRP
OSF_E428	Camas_W	Conboy_Lk
OSF_E429	C_and_H_S	Conboy_Lk
OSF_E430	Camas_E	Conboy_Lk
OSF_E431	Conboy_Lk	Conboy_Lk
OSF_E432	Conboy_Lk	Conboy_Lk
CAP_MEXC_B02	Mid_Exc	Dilman
CAP_MEXC_C03	Mid_Exc	Dilman
CAP_MEXC_D02	Mid_Exc	Dilman
CAP_MEXC_E03	Mid_Exc	Dilman
CAP_MEXC_F03	Mid_Exc	Dilman
CAP_P5N_A01	Pond5	Dilman
CAP_P5N_B01	Pond5	Dilman
CAP_P5N_C02	Pond5	Dilman
CAP_P5N_D01	Pond5	Dilman
CAP_P5N_E01	Pond5	Dilman
CAP_P5N_F02	Pond5	Dilman
CAP_P5N_G01	Pond5	Dilman
CAP_P5N_H01	Pond5	Dilman
CAP_P5N_I01	Pond5	Dilman
CAP_P5N_J01	Pond5	Dilman
CAP_P5N_K01	Pond5	Dilman
Farris_EM1_C	Farris	Farris
ParsnipLkBeavPondSiteB2	Main_Beaver_Pond2	Parsnip_Lks
ParsnipLkBeavPondSiteB3	Main_Beaver_Pond2	Parsnip_Lks
ParsnipLkBeavPondSiteB4	Main_Beaver_Pond2	Parsnip_Lks
ParsnipLkBeavPondSiteB7	Main_Beaver_Pond2	Parsnip_Lks
ParsnipLkBeavPondSiteB8	Main_Beaver_Pond2	Parsnip_Lks
ParsnipLkBeavPondSiteB10	Main_Beaver_Pond2	Parsnip_Lks
ParsnipLkBeavPondSiteB11	Main_Beaver_Pond2	Parsnip_Lks
ParsnipLkBeavPondSiteB12	Main_Beaver_Pond2	Parsnip_Lks
ParsnipLkBeavPondSiteB14	Main_Beaver_Pond2	Parsnip_Lks
ParsnipLkBeavPondSiteA1	Main_Beaver_Pond2	Parsnip_Lks
ParsnipLkBeavPondSiteA2	Main_Beaver_Pond2	Parsnip_Lks
ParsnipLkLowerMarsh1	Cattail_Marsh	Parsnip_Lks
ParsnipLkMiddlePond1	Middle_Pond	Parsnip_Lks
D1547Crane	Crane_Cr	Crane_Cr
Crane44536	Crane_Cr	Crane_Cr
Crane3734A	Crane_Cr	Crane_Cr
Crane36C6B	Crane_Cr	Crane_Cr
A5003Crane	Crane_Cr	Crane_Cr
Crane87C6B	Crane_Cr	Crane_Cr
Crane63F52	Crane_Cr	Crane_Cr
Crane40354	Crane_Cr	Crane_Cr
Crane3293A	Crane_Cr	Crane_Cr
Crane21240	Crane_Cr	Crane_Cr
Crane03EO3	Crane_Cr	Crane_Cr
A7466Crane	Crane_Cr	Crane_Cr
A4470Crane	Crane_Cr	Crane_Cr
E5C0ACrane	Crane_Cr	Crane_Cr
Crane9082A	Crane_Cr	Crane_Cr
Crane3156C	Crane_Cr	Crane_Cr
CrPh2_sw_1_26_Apr_12_A	Crane_Cr	Crane_Cr
CrPh2_D_4_A	Crane_Cr	Crane_Cr
CrPh2_5_A	Crane_Cr	Crane_Cr
CrPh2_D_7_26_Apr_12_A	Crane_Cr	Crane_Cr
CrPh2_9_A	Crane_Cr	Crane_Cr
CrPh2_D_10_26_Apr_12_A	Crane_Cr	Crane_Cr
CrPh2_D_11_A	Crane_Cr	Crane_Cr
USGS_210049	Cr_Channel_N	Annie_Cr
USGS_210101	Cr_Channel_S	Annie_Cr
USGS_210114	Cr_Channel_S	Annie_Cr
USGS_210127	Cr_Channel_S	Annie_Cr
USGS_210151	Cr_Channel_S	Annie_Cr
USGS_210168	Cr_Channel_S	Annie_Cr
USGS_210260	Cr_Channel_S	Annie_Cr
USGS_210281	Cr_Channel_S	Annie_Cr
USGS_210288	Cr_Channel_S	Annie_Cr
USGS_211563	Cr_Channel_S	Annie_Cr
USGS_220435	Cr_Channel_S	Annie_Cr
USGS_220327	Cr_Channel_S	Annie_Cr
USGS_210015	Pond13	Annie_Cr
USGS_222199	Benchleg	Benchleg
USGS_222225	Benchleg	Benchleg
BP26JUN19_2_RAPR_U	Blue_Pool	Blue_Pool
BP26JUN19_4_RAPR_U	Blue_Pool	Blue_Pool
USGS_221121	Whitehouse_Spring	Hog_Cr
USGS_212134	Whitehouse_Spring	Hog_Cr
HOGCRWHTHSE212407	Whitehouse_Spring	Hog_Cr
HOG_WH01_212130	Whitehouse_Spring	Hog_Cr
HOG_WH02_212131	Whitehouse_Spring	Hog_Cr
HOG_WH04_212133	Whitehouse_Spring	Hog_Cr
RAPRF_1_KC_19JUN19	KC_W	KC
USGS_211940	NW_Pasture	Buck_Lk
USGS_211958	NW_Pasture	Buck_Lk
USGS_211927	NW_Pasture	Buck_Lk
USGS_211740	NW_Pasture	Buck_Lk
USGS_211804	NW_Pasture	Buck_Lk
USGS_212180	Tunnel_Cr_2nd_Beaver_Pond	Buck_Lk
USGS_212197	Tunnel_Cr_2nd_Beaver_Pond	Buck_Lk
USGS_220141	Camas_Prairie	Camas_Prairie
USGS_220182	Camas_Prairie	Camas_Prairie
USGS_221071	Camas_Prairie	Camas_Prairie
USGS_220944	Camas_Prairie	Camas_Prairie
USGS_221056	Camas_Prairie	Camas_Prairie
USGS_220975	Camas_Prairie	Camas_Prairie
USGS_220915	Camas_Prairie	Camas_Prairie
USGS_220689	Camas_Prairie	Camas_Prairie
LCL11JUL19_1_RAPR_F	Little_Cultus_Lk	Little_Cultus_Lk
RAPR_CRANE_1_20SEPT22	L_Crane_Cr	Crane_Cr
RAPR_CRANE_4_20SEPT22	L_Crane_Cr	Crane_Cr
RAPRCrane_2_20Sept22	L_Crane_Cr	Crane_Cr
RAPRCrane_1_22Sept22	L_Crane_Cr	Crane_Cr
RAPRCrane_2_22Sept22	L_Crane_Cr	Crane_Cr
USGS_221449	Crane_Pr_CultusCr_to_CultusR	Upp_Deschutes
USGS_221699	Crane_Pr_CultusCr_to_CultusR	Upp_Deschutes
USGS_222183	Crane_Pr_CultusR_to_DeschutesR	Upp_Deschutes
USGS_221715	Crane_Pr_SE_Bay	Upp_Deschutes
USGS_221725	Crane_Pr_SE_Bay	Upp_Deschutes
OSF_E1	So_Sec_S02	Potter_Rd
OSF_E2	So_Sec_S02	Potter_Rd
OSF_E3	So_Sec_S03	Potter_Rd
OSF_E4	So_Sec_S03	Potter_Rd
OSF_E5	So_Sec_S03	Potter_Rd
OSF_E6	So_Sec_S06	Potter_Rd
OSF_E7	So_Sec_S06	Potter_Rd
OSF_E8	Cen_Sec_C05	Potter_Rd
OSF_E10	Cen_Sec_C06	Potter_Rd
OSF_E12	Cen_Sec_C06	Potter_Rd
OSF_E13	Cen_Sec_C02	Potter_Rd
OSF_E141	Fish_Pond_Cr_66	Fish_Pond_Cr
OSF_E143	Fish_Pond_Cr_54	Fish_Pond_Cr
OSF_E144	Fish_Pond_Cr_66	Fish_Pond_Cr
OSF_E145	Fish_Pond_Cr_66	Fish_Pond_Cr
OSF_E147	Fish_Pond_Cr_54	Fish_Pond_Cr
OSF_E149	Fish_Pond_Cr_54	Fish_Pond_Cr
OSF_E150	Fish_Pond_Cr_66	Fish_Pond_Cr
OSF_E151	Fish_Pond_Cr_66	Fish_Pond_Cr
OSF_E235	Rails_to_Trails_45	Rails_to_Trails
OSF_E243	Little_Rock_Farm_5	Blooms_Ditch_Crockett
OSF_E244	Little_Rock_Farm_5	Blooms_Ditch_Crockett
OSF_E245	Little_Rock_Farm_4	Blooms_Ditch_Crockett
OSF_E247	Little_Rock_Farm_2	Blooms_Ditch_Crockett
OSF_E250	Little_Rock_Farm_1	Blooms_Ditch_Crockett
OSF_E252	Little_Rock_Farm_1	Blooms_Ditch_Crockett
OSF_E283	Donkey_Corner_5	Black_R_123rd
OSF_E344	Mima_CNLM_2	Black_R_Mima_Cr
OSF_E345	Mima_CNLM_3	Black_R_Mima_Cr
OSF_E346	Mima_CNLM_4	Black_R_Mima_Cr
OSF_E347	Mima_CNLM_5	Black_R_Mima_Cr
OSF_E349	WDFW_Mima_2	Black_R_Mima_Cr
OSF_E350	WDFW_Mima_2	Black_R_Mima_Cr
OSF_E351	WDFW_Mima_2	Black_R_Mima_Cr
OSF_E352	WDFW_Mima_2	Black_R_Mima_Cr
WRH2_M02_CAP	Hawkins2	Wood_R_Canal
WRBS_C02_CAP	BLM	Wood_R_Canal
KM_NWR_MC5_EM03_A1	Military_Crossing	KMNWR
KM_NWR_MC5_EM06_A1	Military_Crossing	KMNWR
M6_6_EM03_A1	Military_Crossing	KMNWR
PEN_RD_EM3_A1	Peninsula_Rd	KMNWR
KM_RI_Pnd_EM1_A1	Rock_Isl	KMNWR
KM_RI_Pnd_EM2_A1	Rock_Isl	KMNWR
KM_RI_Pnd_EM3_A1	Rock_Isl	KMNWR
17AUG22CABINRAPR_2	Cabin_Meadows	Mink_Lk
17AUG22CABINRAPR_3	Cabin_Meadows	Mink_Lk
17AUG22CABINRAPR_4	Cabin_Meadows	Mink_Lk
16AUG22RAPR1_UN	Marsh_Mud_Lake	Mink_Lk
16AUG22RAPR2_UN	Marsh_Mud_Lake	Mink_Lk
16AUG22RAPR3_UN	Marsh_Mud_Lake	Mink_Lk
16AUG22RAPR4_UN	Marsh_Mud_Lake	Mink_Lk
16AUG22RAPR5_UN	Marsh_Mud_Lake	Mink_Lk
17AUG22_UN_RAPR_10	Marsh_Mud_Lake	Mink_Lk
17AUG22_UN_RAPR_6	Marsh_Mud_Lake	Mink_Lk
17AUG22_UN_RAPR_8	Marsh_Mud_Lake	Mink_Lk
17AUG22RAPR5	Marsh_Mud_Lake	Mink_Lk
12JUL22_WINOPEE_2	Winopee_Lake	Winopee_Lake
210374	BP_4	Sevenmile_Cr
210469	Main_Pond	Sevenmile_Cr
210530	Main_Pond	Sevenmile_Cr
OSF_E69	Stover	SF_10
OSF_E70	Stover	SF_10
OSF_E71	Stover	SF_10
OSF_E72	Stover	SF_10
OSF_E85	SRP_SE_Meadow_SEM_2	Samish_R_Preserve
OSF_E186	Salmon_Cr_Littlerock_Rd	Salmon_Cr_Littlerock_Rd
OSF_E187	Salmon_Cr_Littlerock_Rd	Salmon_Cr_Littlerock_Rd
OSF_E189	Salmon_Cr_Littlerock_Rd	Salmon_Cr_Littlerock_Rd
OSF_E190	Salmon_Cr_Littlerock_Rd	Salmon_Cr_Littlerock_Rd
OSF_E192	Salmon_Cr_Littlerock_Rd	Salmon_Cr_Littlerock_Rd
OSF_E313	White_5	Allen_Cr
OSF_E314	White_5	Allen_Cr
OSF_E315	White_5	Allen_Cr
OSF_E321	Eastside_004	Beaver_Cr_WRP
OSF_E322	Eastside_006	Beaver_Cr_WRP
OSF_E323	Eastside_006	Beaver_Cr_WRP
OSF_E324	Westside_001	Beaver_Cr_WRP
OSF_E325	Westside_003	Beaver_Cr_WRP
OSF_E326	Westside_001	Beaver_Cr_WRP
OSF_E327	Westside_007	Beaver_Cr_WRP
OSF_E417	Tree_Snag_1	Trout_Lk
OSF_E419	Elk_Meadows_Mid_2	Trout_Lk
OSF_E423	Laurel_Cross	Conboy_Lk
OSF_E426	Camas_W	Conboy_Lk
OSF_E427	Camas_W	Conboy_Lk
OSF_ERAAU_5	Forbes_Basin	U_Dempsey_Cr
18AUG22BEAV_RACA4	RACA_Beaver_Marsh	RACA_Mink_Lk
CAP_BIMA_F02	E_Big_Marsh	Big_Marsh
CAP_BIMA_G02	E_Big_Marsh	Big_Marsh
CAP_BIMA_H02	E_Big_Marsh	Big_Marsh
CAP_BIMA_I02	E_Big_Marsh	Big_Marsh
CAP_BIMA_L02	E_Big_Marsh	Big_Marsh
CAP_BIMA_O01	E_Big_Marsh	Big_Marsh
CAP_BIMA_P01	E_Big_Marsh	Big_Marsh
CAP_BIMA_Q01	E_Big_Marsh	Big_Marsh
CAP_BIMA_S02	E_Big_Marsh	Big_Marsh
CAP_BIMA_T01	E_Big_Marsh	Big_Marsh
CAP_BIMA_U02	E_Big_Marsh	Big_Marsh
CAP_BIMA_X02	E_Big_Marsh	Big_Marsh
CAP_BIMA_CC02	E_Big_Marsh	Big_Marsh
CAP_LHS_A01	Lapine_HS_Oxbow	LDR_Lapine_HS_Oxbow
CAP_LHS_B01	Lapine_HS_Oxbow	LDR_Lapine_HS_Oxbow
CAP_LHS_C01	Lapine_HS_Oxbow	LDR_Lapine_HS_Oxbow
CAP_LHS_D01	Lapine_HS_Oxbow	LDR_Lapine_HS_Oxbow
CAP_LDBO_A01	LDR_BLM_Oxbow	LDR_BLM_Oxbow
CAP_LDBO_B01	LDR_BLM_Oxbow	LDR_BLM_Oxbow
CAP_LDBO_C02	LDR_BLM_Oxbow	LDR_BLM_Oxbow
CAP_LDBO_E01	LDR_BLM_Oxbow	LDR_BLM_Oxbow
CAP_LDBO_F01	LDR_BLM_Oxbow	LDR_BLM_Oxbow
CAP_USGS_LDBO_G01	LDR_BLM_Oxbow	LDR_BLM_Oxbow
CAP_LDBP_A01	LDR_BLM_Pool	LDR_BLM_Pool
CAP_LDBP_B02	LDR_BLM_Pool	LDR_BLM_Pool
CAP_LDBP_C01	LDR_BLM_Pool	LDR_BLM_Pool
CAP_LDBP_D01	LDR_BLM_Pool	LDR_BLM_Pool
CAP_LDBP_E01	LDR_BLM_Pool	LDR_BLM_Pool
CAP_LDBP_F01	LDR_BLM_Pool	LDR_BLM_Pool
CAP_RDMP_A02	LDR_100_Rd_Mill_Pond	LDR_100_Rd_Mill_Pond
CAP_RDMP_B01	LDR_100_Rd_Mill_Pond	LDR_100_Rd_Mill_Pond
CAP_RDMP_C02	LDR_100_Rd_Mill_Pond	LDR_100_Rd_Mill_Pond
CAP_RDMP_D01	LDR_100_Rd_Mill_Pond	LDR_100_Rd_Mill_Pond
CAP_RDMP_E02	LDR_100_Rd_Mill_Pond	LDR_100_Rd_Mill_Pond
CAP_RDMP_G01	LDR_100_Rd_Mill_Pond	LDR_100_Rd_Mill_Pond
CAP_RDMP_H03	LDR_100_Rd_Mill_Pond	LDR_100_Rd_Mill_Pond
CAP_RDMP_I01	LDR_100_Rd_Mill_Pond	LDR_100_Rd_Mill_Pond
CAP_USGS_EFSOX_A01	East_FS_Oxbow	LDR_100_Rd
CAP_USGS_EFSOX_B01	East_FS_Oxbow	LDR_100_Rd
CAP_USGS_EFSOX_C01	East_FS_Oxbow	LDR_100_Rd
CAP_USGS_EFSOX_D01	East_FS_Oxbow	LDR_100_Rd
CAP_USGS_EFSOX_E01	East_FS_Oxbow	LDR_100_Rd
CAP_USGS_EFSOX_F01	East_FS_Oxbow	LDR_100_Rd
CAP_USGS_EFSOX_G01	East_FS_Oxbow	LDR_100_Rd
CAP_USGS_EFSOX_H01	East_FS_Oxbow	LDR_100_Rd
CAP_CTNO_A02	North_Oxbow	LDR_Casey_Tract
CAP_CTMO_B01	Mid_Oxbow	LDR_Casey_Tract
CAP_CTMO_D01	Mid_Oxbow	LDR_Casey_Tract
CAP_CTWO_A01	West_Oxbow	LDR_Casey_Tract
CAP_CTWOB_A01	West_Oxbow_2	LDR_Casey_Tract
CAP_MEXC_A01	Mid_Exc	Dilman
221740	Crane_Pr_SE_Bay	Upp_Deschutes
221199	Dead_Slough	Dead_Slough
221203	Dead_Slough	Dead_Slough
221208	Dead_Slough	Dead_Slough
221212	Dead_Slough	Dead_Slough
221481	Dead_Slough	Dead_Slough
212342	Dead_Slough	Dead_Slough
212343	Dead_Slough	Dead_Slough
212348	Dead_Slough	Dead_Slough
212349	Dead_Slough	Dead_Slough
212350	Dead_Slough	Dead_Slough
212352	Dead_Slough	Dead_Slough
212353	Dead_Slough	Dead_Slough
212354	Dead_Slough	Dead_Slough
212355	Dead_Slough	Dead_Slough
212357	Dead_Slough	Dead_Slough
212358	Dead_Slough	Dead_Slough
212363	Dead_Slough	Dead_Slough
222243	Dogleg3_Middle_S	L_Deschutes
RAPR8_9_22_3	Gold_Lk	Gold_Lk
RAPR8_9_22_4	Gold_Lk	Gold_Lk
RAPR8_9_22_5	Gold_Lk	Gold_Lk
RAPR8_9_22_6	Gold_Lk	Gold_Lk
RAPR8_9_22_7	Gold_Lk	Gold_Lk
RAPR8_9_22_8	Gold_Lk	Gold_Lk
RAPR8_9_22_9	Gold_Lk	Gold_Lk
212299	Gold_Lk	Gold_Lk
212300	Gold_Lk	Gold_Lk
212301	Gold_Lk	Gold_Lk
212302	Gold_Lk	Gold_Lk
212303	Gold_Lk	Gold_Lk
212304	Gold_Lk	Gold_Lk
212305	Gold_Lk	Gold_Lk
212306	Gold_Lk	Gold_Lk
212307	Gold_Lk	Gold_Lk
212222	Gold_Lk_Bog	Gold_Lk
212223	Gold_Lk_Bog	Gold_Lk
212224	Gold_Lk_Bog	Gold_Lk
212308	Gold_Lk_Bog	Gold_Lk
212336	Gold_Lk_Bog	Gold_Lk
212337	Gold_Lk_Bog	Gold_Lk
212338	Gold_Lk_Bog	Gold_Lk
212339	Gold_Lk_Bog	Gold_Lk
212340	Gold_Lk_Bog	Gold_Lk
221510	Davis_Yellow_Jacket	Jack_Jameson
221532	Davis_Yellow_Jacket	Jack_Jameson
212226	Davis_Yellow_Jacket	Jack_Jameson
212227	Davis_Yellow_Jacket	Jack_Jameson
212228	Davis_Yellow_Jacket	Jack_Jameson
212229	Davis_Yellow_Jacket	Jack_Jameson
OSF_E14	Cen_Sec_C07	Potter_Rd
OSF_E15	Cen_Sec_C08	Potter_Rd
OSF_E16	Cen_Sec_C10	Potter_Rd
OSF_E21	SF_11	Black_Slough
OSF_E22	SF_11	Black_Slough
OSF_E23	SF_11	Black_Slough
OSF_E24	SF_11	Black_Slough
OSF_E26	Anderson_1	Black_Slough
OSF_E28	Anderson_1	Black_Slough
OSF_E29	Anderson_2	Black_Slough
OSF_E32	Barker_01	Black_Slough
OSF_E153	Fish_Pond_Cr_66	Fish_Pond_Cr
OSF_E154	Fish_Pond_Cr_54	Fish_Pond_Cr
OSF_E155	Fish_Pond_Cr_66	Fish_Pond_Cr
OSF_E156	Fish_Pond_Cr_54	Fish_Pond_Cr
OSF_E157	Fish_Pond_Cr_66	Fish_Pond_Cr
OSF_E159	Fish_Pond_Cr_54	Fish_Pond_Cr
OSF_E162	Wilson_Dairy_W01_2	Dempsey_Cr
OSF_E163	N_Margin_S	Dempsey_Cr
OSF_E284	Donkey_Corner_5	Black_R_123rd
OSF_E285	Bades_12	Black_R_123rd
OSF_E286	Bades_12	Black_R_123rd
OSF_E289	Historic_1	Black_R_123rd
OSF_E295	S123_34_5	Black_R_123rd
OSF_E300	Gate_42	Black_R_123rd
OSF_E301	Rogers_1	Allen_Cr
OSF_E302	Rogers_1	Allen_Cr
OSF_E353	WDFW_Mima_3	Black_R_Mima_Cr
OSF_E354	WDFW_Mima_3	Black_R_Mima_Cr
OSF_E355	WDFW_Mima_1	Black_R_Mima_Cr
OSF_E384	Ovi_3	SPS_Wildlife_Area
OSF_E385	Ovi_3	SPS_Wildlife_Area
OSF_E386	Ovi_4	SPS_Wildlife_Area
OSF_E387	Ovi_4	SPS_Wildlife_Area
OSF_E388	Ovi_5	SPS_Wildlife_Area
RICK_EM01_A1	Rock_Isl	KMNWR
KM_NWR_DEV_EM03_A1	Devine	KMNWR
DEV_EM04_A1	Devine	KMNWR
KM_DEV_EM7_A2	Devine	KMNWR
KM_NWR_DEV_EM16_A2	Devine	KMNWR
KM_NWR_DEV_EM17_A1	Devine	KMNWR
KM_DEV_EM18_A1	Devine	KMNWR
4_MILE_BEAV01_A1	Main_Beaver_Pond1	Four_Mile_Cr
4_MILE_BEAV02_A2	Main_Beaver_Pond1	Four_Mile_Cr
OSF_E381R	Ovi_2	SPS_Wildlife_Area
CHOL_EM7_A1R	Chollo	KMNWR
OSF_E23R	SF_11	Black_Slough
CAP_LOXW_DO1R	Lodge_Oxbow_W_Bay	Crosswater
212230	Davis_Yellow_Jacket	Jack_Jameson
LJM26JUN18_1_M_EG	L_Jameson	Jack_Jameson
LJM26JUN18_10_F_EG	L_Jameson	Jack_Jameson
LJM26JUN18_3_F_EG	L_Jameson	Jack_Jameson
LJM26JUN18_4_M_EG	L_Jameson	Jack_Jameson
LJM26JUN18_5_M_EG	L_Jameson	Jack_Jameson
LJM26JUN18_7_F_EG	L_Jameson	Jack_Jameson
LJM26JUN18_8_M_EG	L_Jameson	Jack_Jameson
LJM26JUN18_9_F_EG	L_Jameson	Jack_Jameson
LJM27JUN18_1_M_EH	L_Jameson	Jack_Jameson
LJM27JUN18_2_M_EH	L_Jameson	Jack_Jameson
LJM27JUN18_3_F_EH	L_Jameson	Jack_Jameson
LJM27JUN18_4_F_H	L_Jameson	Jack_Jameson
LJM27JUN18_5_M_H	L_Jameson	Jack_Jameson
LJM27JUN18_6_F_H	L_Jameson	Jack_Jameson
LJ8AUG19_1_RAPR_M	L_Jameson	Jack_Jameson
LJ8AUG19_2_RAPR_F	L_Jameson	Jack_Jameson
LJ8AUG19_4_RAPR_F	L_Jameson	Jack_Jameson
222108	Moffitt	Jack_Jameson
222117	Moffitt	Jack_Jameson
222138	Moffitt	Jack_Jameson
222149	Moffitt	Jack_Jameson
222166	Moffitt	Jack_Jameson
222340	Moffitt	Jack_Jameson
221986	Middle_Jack	Jack_Jameson
222014	Middle_Jack	Jack_Jameson
222027	Middle_Jack	Jack_Jameson
222045	Middle_Jack	Jack_Jameson
212152	Middle_Jack	Jack_Jameson
212027	Middle_Jack	Jack_Jameson
212064	Middle_Jack	Jack_Jameson
212086	Middle_Jack	Jack_Jameson
JME29AUG_1	U_Jameson	Jack_Jameson
JME29AUG_10	U_Jameson	Jack_Jameson
JME29AUG_2	U_Jameson	Jack_Jameson
JME29AUG_3	U_Jameson	Jack_Jameson
JME29AUG_4	U_Jameson	Jack_Jameson
JME29AUG_5	U_Jameson	Jack_Jameson
JME29AUG_8	U_Jameson	Jack_Jameson
JME30AUG_1	U_Jameson	Jack_Jameson
JME30AUG_3	U_Jameson	Jack_Jameson
JME30AUG_4	U_Jameson	Jack_Jameson
JAMUP17JUL18_1	U_Jameson	Jack_Jameson
JAMUP17JUL18_2	U_Jameson	Jack_Jameson
JAMUP17JUL18_3	U_Jameson	Jack_Jameson
JAMUP17JUL18_4	U_Jameson	Jack_Jameson
JAMUP17JUL18_5	U_Jameson	Jack_Jameson
JAMUP18JUL18_1	U_Jameson	Jack_Jameson
211430	South_Oxbow	Lapine_SP
212341	South_Oxbow	Lapine_SP
OSF_E34	Barker_02	Black_Slough
OSF_E35	Barker_03	Black_Slough
OSF_E36	Barker_04	Black_Slough
OSF_E38	Fox_2	Black_Slough
OSF_E40	Fox_2	Black_Slough
OSF_E41	East_Swale	Catalyst
OSF_E61	Stover	SF_10
OSF_E62	Stover	SF_10
OSF_E73	Stover	SF_10
OSF_E81	SRP_N_Pnd_NP_001	Samish_R_Preserve
OSF_E82	SRP_N_Pnd_NP_001	Samish_R_Preserve
OSF_E164	E_of_Post_2	Dempsey_Cr
OSF_E165	Park_Pool_1	Dempsey_Cr
OSF_E166	N_Margin	Dempsey_Cr
OSF_E169	Cow_Crossing_1	Dempsey_Cr
OSF_E170	Shrub_1	Dempsey_Cr
OSF_E171	Pipeline_01	Dempsey_Cr
OSF_E178	Pipeline_41	Dempsey_Cr
OSF_E180	Pipeline_45	Dempsey_Cr
OSF_E304	White_3	Allen_Cr
OSF_E306	White_3	Allen_Cr
OSF_E307	White_3	Allen_Cr
OSF_E309	White_3	Allen_Cr
OSF_E310	White_3	Allen_Cr
OSF_E312	White_5	Allen_Cr
OSF_E316	White_1	Allen_Cr
OSF_E317	White_1	Allen_Cr
OSF_E389	Ovi_5	SPS_Wildlife_Area
OSF_E391	Ovi_5	SPS_Wildlife_Area
OSF_E392	Ovi_6	SPS_Wildlife_Area
OSF_E393	Ovi_6	SPS_Wildlife_Area
OSF_E395	Ovi_7	SPS_Wildlife_Area
OSF_E397	Ovi_8	SPS_Wildlife_Area
OSF_E402	E_Marsh_N_1	Trout_Lk
OSF_E405	Interior_single	Trout_Lk
KM_BS_GAG_D_EM1_A1	Big_Spr_W_Gage	KMNWR
BS_GAG_D_EM4_A1	Big_Spr_W_Gage	KMNWR
BS_GAG_D_EM6_A1	Big_Spr_W_Gage	KMNWR
CAP_SRV4_G01	Vista	Sunriver
CAP_SRV4_L01	Vista	Sunriver
CAP_NDR_Q01	N_Driving_Range	Crosswater
CAP_NCP_C01	Nature_Cntr_Pond	Sunriver
CAP_NCP_O03	Nature_Cntr_Pond	Sunriver
CAP_SRNT_J02	9th_Tee_Pond	Sunriver
OSF_E270R	48	Black_R_110th
OSF_E303R	White_3	Allen_Cr
OSF_E389R	Ovi_5	SPS_Wildlife_Area
CAP_BIMA_Q01R	E_Big_Marsh	Big_Marsh
USGS_212351	South_Oxbow	Lapine_SP
USGS_212362	South_Oxbow	Lapine_SP
Soxbow_1_5_25_22	South_Oxbow	Lapine_SP
Soxbow_2_5_26_22	South_Oxbow	Lapine_SP
SUNCRRAPR120Sept22	Sun_Creek	Sun_Creek
BP15AUG17_01	Blast_Pond	Klamath_Refuge
BP15AUG17_02	Blast_Pond	Klamath_Refuge
BP16Aug17_01	Blast_Pond	Klamath_Refuge
CN1_11SEPT18_1	Central1	Klamath_Refuge
CN1_11SEPT18_2	Central1	Klamath_Refuge
KM10SEPT19_2x	Central1	Klamath_Refuge
KM11Sept19_1	DitchC1_2	Klamath_Refuge
KM10SEPT19_1x	DitchSouth2	Klamath_Refuge
K16AUG17_02	Kane_N_Big_Springs	Klamath_Refuge
K16AUG17_03	Kane_N_Big_Springs	Klamath_Refuge
K16AUG17_04	Kane_N_Big_Springs	Klamath_Refuge
K17AUG17_01	Kane_N_Big_Springs	Klamath_Refuge
K17AUG17_02	Kane_N_Big_Springs	Klamath_Refuge
SE1_11SEPT18_1	Southeast1	Klamath_Refuge
TW3_12SEPT18_1	TerrWest3	Klamath_Refuge
WNG15Aug17_01	West_No_Grazing_1	Klamath_Refuge
WNG15AUG17_02	West_No_Grazing_1	Klamath_Refuge
WNG15AUG17_03	West_No_Grazing_1	Klamath_Refuge
WNG15AUG17_04	West_No_Grazing_1	Klamath_Refuge
WNG16Aug17_02	West_No_Grazing_1	Klamath_Refuge
WNG16AUG17_1	West_No_Grazing_1	Klamath_Refuge
W2_1_13Sept18	West2	Klamath_Refuge
W5_1_11Sept18	West5	Klamath_Refuge
Beaver_RAPR_11_18AUG22	Beaver_Marsh	Mink_Lk
Beaver_RAPR_12_18AUG22	Beaver_Marsh	Mink_Lk
Beaver_RAPR_13_18AUG22	Beaver_Marsh	Mink_Lk
Beaver_RAPR_14_18AUG22	Beaver_Marsh	Mink_Lk
Beaver_RAPR_16_18AUG22	Beaver_Marsh	Mink_Lk
Beaver_RAPR_9_18AUG22	Beaver_Marsh	Mink_Lk
CabinRAPR_5_17AUG22	Cabin_Meadows	Mink_Lk
UN_RAPR_7_17AUG22	Marsh_Mud_Lake	Mink_Lk
UN_RAPR_9_17AUG22	Marsh_Mud_Lake	Mink_Lk
MUSK_1_LF1_12JUL22	Muskrat_Lake	Muskrat_Lake
MUSK_2_LF1_12JUL22	Muskrat_Lake	Muskrat_Lake
MUSK_3_LF1_12JUL22	Muskrat_Lake	Muskrat_Lake
Winopee_1_12JUL22	Winopee_Lake	Winopee_Lake
USGS_210307	BP_4	Sevenmile_Cr
USGS_210329	BP_4	Sevenmile_Cr
USGS_210393	Main_Pond	Sevenmile_Cr
USGS_210408	Main_Pond	Sevenmile_Cr
USGS_210428	Main_Pond	Sevenmile_Cr
USGS_210454	Main_Pond	Sevenmile_Cr
USGS_210492	Main_Pond	Sevenmile_Cr
USGS_210511	Main_Pond	Sevenmile_Cr
USGS_210570	Main_Pond	Sevenmile_Cr
OSF_E83	SRP_N_Pnd_NP_002	Samish_R_Preserve
OSF_E84	SRP_SE_Meadow_SEM_2	Samish_R_Preserve
OSF_E87	SRP_SE_Meadow_SEM_2	Samish_R_Preserve
OSF_E90	S_Pond_SP_001	Samish_R_Preserve
OSF_E92	Innis_Cr_Rd_ICR_001	Samish_R_Preserve
OSF_E93	Innis_Cr_Rd_ICR_001	Samish_R_Preserve
OSF_E95	Erlholm	Samish_R_Preserve
OSF_E96	Erlholm	Samish_R_Preserve
OSF_E97	Erlholm_back_pnd	Samish_R_Preserve
OSF_E121	Samish_R_Mills_Cr	Samish_R_Mills_Cr
OSF_E122	Samish_R_Mills_Cr	Samish_R_Mills_Cr
OSF_E181	Salmon_Cr_Littlerock_Rd	Salmon_Cr_Littlerock_Rd
OSF_E184	Salmon_Cr_Littlerock_Rd	Salmon_Cr_Littlerock_Rd
OSF_E185	Salmon_Cr_Littlerock_Rd	Salmon_Cr_Littlerock_Rd
OSF_E188	Salmon_Cr_Littlerock_Rd	Salmon_Cr_Littlerock_Rd
OSF_E191	Salmon_Cr_Littlerock_Rd	Salmon_Cr_Littlerock_Rd
OSF_E195	Salmon_Cr_Littlerock_Rd	Salmon_Cr_Littlerock_Rd
OSF_E196	Salmon_Cr_Littlerock_Rd	Salmon_Cr_Littlerock_Rd
OSF_E197	Salmon_Cr_Littlerock_Rd	Salmon_Cr_Littlerock_Rd
OSF_E318	White_1	Allen_Cr
OSF_E319	White_1	Allen_Cr
OSF_E320	White_1	Allen_Cr
OSF_E340	Westside_001	Beaver_Cr_WRP
OSF_E407	Clarksville_Flag_22_7	Trout_Lk
OSF_E408	E_Marsh_N_2	Trout_Lk
OSF_E409	SDS_1	Trout_Lk
OSF_E410	E_Marsh_S_flag_22_15	Trout_Lk
OSF_E414	Clarksville_Flag_22_6	Trout_Lk
OSF_E418	SDS_2	Trout_Lk
OSF_E420	Elk_Meadows_Mid_1	Trout_Lk
OSF_E422	Laurel_E	Conboy_Lk
OSF_E424	Laurel_Cross	Conboy_Lk
OSF_E425	Laurel_Cross	Conboy_Lk
OSF_E435	Oxbow	Conboy_Lk
OSF_E440	Kelley_Main	Conboy_Lk
CAP_SRNT_P01	9th_Tee_Pond	Sunriver
CAP_BIMA_Z02	E_Big_Marsh	Big_Marsh
CAP_BIMA_BB02	E_Big_Marsh	Big_Marsh
CAP_LHS_E01	Lapine_HS_Oxbow	LDR_Lapine_HS_Oxbow
CAP_LDBO_D01	LDR_BLM_Oxbow	LDR_BLM_Oxbow
CAP_RDMP_F01	LDR_100_Rd_Mill_Pond	LDR_100_Rd_Mill_Pond
CAP_CTMO_A01	Mid_Oxbow	LDR_Casey_Tract
CAP_CTMO_C01	Mid_Oxbow	LDR_Casey_Tract
Farris_EM2_A	Farris	Farris
Crane_3293Ar	Crane_Cr	Crane_Cr
OSF_E352r	WDFW_Mima_2	Black_R_Mima_Cr
OSF_E95r	Erlholm	Samish_R_Preserve
KM_CHOL_EM6_A1r	Chollo	KMNWR
210605	Main_Pond	Sevenmile_Cr
210613	Main_Pond	Sevenmile_Cr
210652	Main_Pond	Sevenmile_Cr
212047	Main_Pond	Sevenmile_Cr
221656	NE_Fen	Odell_Cr
221615	NE_Fen	Odell_Cr
221855	NE_Fen	Odell_Cr
221936	NE_Fen	Odell_Cr
SCOT_8_10_22_RF1_1	NE_Fen	Odell_Cr
SCOT_8_10_22_RF1_2	NE_Fen	Odell_Cr
LDR_62_4_17_19_19	62_Rd_LDR	62_Road
LDR_62_4_17_19_20	62_Rd_LDR	62_Road
LDR_62_4_17_19_21	62_Rd_LDR	62_Road
LDR_62_4_17_19_22	62_Rd_LDR	62_Road
LDR_62_4_17_19_23	62_Rd_LDR	62_Road
LDR_62_2_18_SEP_18	62_Rd_LDR	62_Road
LDR_62_6_18_SEP_18	62_Rd_LDR	62_Road
220308	Old_Mill	Old_Mill
220215	Old_Mill	Old_Mill
220226	Old_Mill	Old_Mill
220241	Old_Mill	Old_Mill
220281	Old_Mill	Old_Mill
SCE1AUG17_06	Slough_Camp_E_Marsh	Slough_Camp_E_Marsh
220293	Old_Mill	Old_Mill
SCE1AUG17_01	Slough_Camp_E_Marsh	Slough_Camp_E_Marsh
SCE1AUG17_04	Slough_Camp_E_Marsh	Slough_Camp_E_Marsh
SCE1AUG17_08	Slough_Camp_E_Marsh	Slough_Camp_E_Marsh
SCE3OCT17_02	Slough_Camp_E_Marsh	Slough_Camp_E_Marsh
SCE1AUG17_09	Slough_Camp_E_Marsh	Slough_Camp_E_Marsh
SCE1AUG17_29	Slough_Camp_E_Marsh	Slough_Camp_E_Marsh
SCE2AUG17_36	Slough_Camp_E_Marsh	Slough_Camp_E_Marsh
SCE3AUG17_14	Slough_Camp_E_Marsh	Slough_Camp_E_Marsh
SCE4OCT17_01	Slough_Camp_E_Marsh	Slough_Camp_E_Marsh
SCSW14AUG18_12	Slough_Camp_SW_Marsh	SW_Slough_Camp
SCE4OCT17_08	Slough_Camp_E_Marsh	Slough_Camp_E_Marsh
SCE4OCT17_35	Slough_Camp_E_Marsh	Slough_Camp_E_Marsh
SCSW14AUG18_1	Slough_Camp_SW_Marsh	SW_Slough_Camp
SCSW14AUG18_10	Slough_Camp_SW_Marsh	SW_Slough_Camp
SCSW14AUG18_11	Slough_Camp_SW_Marsh	SW_Slough_Camp
SCSW14AUG18_13	Slough_Camp_SW_Marsh	SW_Slough_Camp
SCSW22MAY18_2	Slough_Camp_SW_Marsh	SW_Slough_Camp
SCSW14AUG18_16	Slough_Camp_SW_Marsh	SW_Slough_Camp
SCSW14AUG18_17	Slough_Camp_SW_Marsh	SW_Slough_Camp
SCSW14AUG18_2	Slough_Camp_SW_Marsh	SW_Slough_Camp
SCSW14AUG18_4	Slough_Camp_SW_Marsh	SW_Slough_Camp
SCSW14AUG18_8	Slough_Camp_SW_Marsh	SW_Slough_Camp
SCSW15AUG18_3	Slough_Camp_SW_Marsh	SW_Slough_Camp
SCSW15AUG18_4	Slough_Camp_SW_Marsh	SW_Slough_Camp
SCSW15AUG18_5	Slough_Camp_SW_Marsh	SW_Slough_Camp
SCSW22MAY18_3	Slough_Camp_SW_Marsh	SW_Slough_Camp
OSF_E124	Samish_R_Mills_Cr	Samish_R_Mills_Cr
OSF_E125	Samish_R_Mills_Cr	Samish_R_Mills_Cr
OSF_E126	Samish_R_Mills_Cr	Samish_R_Mills_Cr
OSF_E127	Samish_R_Mills_Cr	Samish_R_Mills_Cr
OSF_E130	Samish_R_Mills_Cr	Samish_R_Mills_Cr
OSF_E131	Samish_R_Mills_Cr	Samish_R_Mills_Cr
OSF_E132	Samish_R_Mills_Cr	Samish_R_Mills_Cr
OSF_E133	Samish_R_Mills_Cr	Samish_R_Mills_Cr
OSF_E134	Samish_R_Mills_Cr	Samish_R_Mills_Cr
OSF_E135	Samish_R_Mills_Cr	Samish_R_Mills_Cr
OSF_E136	Samish_R_Mills_Cr	Samish_R_Mills_Cr
OSF_E137	Samish_R_Mills_Cr	Samish_R_Mills_Cr
OSF_E199	Salmon_Cr_Littlerock_Rd	Salmon_Cr_Littlerock_Rd
OSF_E202	Century_Preserve	Salmon_Cr_Case_Rd
OSF_E204	Century_Preserve	Salmon_Cr_Case_Rd
OSF_E205	Century_Preserve	Salmon_Cr_Case_Rd
OSF_E206	Century_Preserve	Salmon_Cr_Case_Rd
OSF_E207	Century_Preserve	Salmon_Cr_Case_Rd
OSF_E209	Century_Preserve	Salmon_Cr_Case_Rd
OSF_E210	Century_Preserve	Salmon_Cr_Case_Rd
OSF_E211	Century_Preserve	Salmon_Cr_Case_Rd
OSF_E212	Century_Preserve	Salmon_Cr_Case_Rd
OSF_E215	Century_Preserve	Salmon_Cr_Case_Rd
OSF_E216	Century_Preserve	Salmon_Cr_Case_Rd
OSF_E218	Century_Preserve	Salmon_Cr_Case_Rd
OSF_E219	Century_Preserve	Salmon_Cr_Case_Rd
OSF_E221	Rails_to_Trails_40	Rails_to_Trails
OSF_E222	Rails_to_Trails_40	Rails_to_Trails
OSF_E223	Rails_to_Trails_40	Rails_to_Trails
OSF_E225	Rails_to_Trails_41	Rails_to_Trails
OSF_E226	Rails_to_Trails_41	Rails_to_Trails
OSF_E228	Rails_to_Trails_43	Rails_to_Trails
OSF_E229	Rails_to_Trails_43	Rails_to_Trails
FARRIS_EM3_C	Farris	Farris
FARRIS_EM4_A	Farris	Farris
FARRIS_EM5_D	Farris	Farris
FARRIS_EM6_D	Farris	Farris
PARSLKBVPNDSITEB_1	Main_Beaver_Pond1	Parsnip_Lks
PARSLKBVPNDSITEB_5	Main_Beaver_Pond1	Parsnip_Lks
PARSLKBVPNDSITEB_6	Main_Beaver_Pond1	Parsnip_Lks
PARSLKBVPNDSITEB_9	Main_Beaver_Pond1	Parsnip_Lks
PRSLKBVPNDSITEB_13	Main_Beaver_Pond1	Parsnip_Lks
A751D_CRANE	Crane_Cr	Crane_Cr
A766A_CRANE	Crane_Cr	Crane_Cr
WRBS_B01_CAP_R	BLM	Wood_R_Canal
CAP_LOXW_CO1_R	Lodge_Oxbow_W_Bay	Crosswater
OSF_E136_R	Samish_R_Mills_Cr	Samish_R_Mills_Cr
OSF_E174_R	Pipeline_25	Dempsey_Cr
SCE2AUG17_35	Slough_Camp_E_Marsh	Slough_Camp_E_Marsh
OSF_E98	Erlholm_back_pnd	Samish_R_Preserve
OSF_E99	Erlholm_back_pnd	Samish_R_Preserve
OSF_E100	Erlholm_back_pnd	Samish_R_Preserve
OSF_E123	Samish_R_Mills_Cr	Samish_R_Mills_Cr
OSF_E361	Kadoun_OSF_1	Salmon_Cr_Case_Rd
OSF_E362	Kadoun_OSF_10	Salmon_Cr_Case_Rd
OSF_E363	Kadoun_OSF_12	Salmon_Cr_Case_Rd
OSF_E364	Kadoun_OSF_6	Salmon_Cr_Case_Rd
OSF_E224	Rails_to_Trails_41	Rails_to_Trails
OSF_E227	Rails_to_Trails_39	Rails_to_Trails
OSF_E230	Rails_to_Trails_44	Rails_to_Trails
OSF_E338	Westside_001	Beaver_Cr_WRP
OSF_E339	Westside_001	Beaver_Cr_WRP
OSF_E341	Mima_CNLM_1	Black_R_Mima_Cr
OSF_E342	Mima_CNLM_1	Black_R_Mima_Cr
OSF_E343	Mima_CNLM_1	Black_R_Mima_Cr
OSF_E433	Troh	Conboy_Lk
OSF_E434	Troh	Conboy_Lk
OSF_E436	Kelley_N	Conboy_Lk
OSF_E437	Kelley_N	Conboy_Lk
OSF_E438	Kelley_Main	Conboy_Lk
OSF_E439	Kelley_Main	Conboy_Lk
5APR13_CCP2_1_1_A	PHASE2	Crane_Cr
5APR13_CCP2_1_2_A	PHASE2	Crane_Cr
5APR13_CCP2_2_1_A	PHASE2	Crane_Cr
5APR13_CCP2_3_1_A	PHASE2	Crane_Cr
5APR13_CCP2_3_2_A	PHASE2	Crane_Cr
5APR13CCP2_3_3_A	PHASE2	Crane_Cr
18APR13NWOXI_4_1_C	JVS	Seven_Mile_Cr
18APR13NWOXI_5_1_B	JVS	Seven_Mile_Cr
18APR13_NWPD_1_1_B	JVS	Seven_Mile_Cr
18APR13_NWPD_2_1_A	JVS	Seven_Mile_Cr
18APR13_NWPD_2_2_A	JVS	Seven_Mile_Cr
18APR13_NWPD_2_4_A	JVS	Seven_Mile_Cr
SCSW23MAY18_4	Slough_Camp_SW_Marsh	SW_Slough_Camp
221605	Rocky_Ford	Upper_Williamson_River
221592	Rocky_Ford	Upper_Williamson_River
221555	Rocky_Ford	Upper_Williamson_River
221543	Rocky_Ford	Upper_Williamson_River
221570	Rocky_Ford	Upper_Williamson_River
221333	Teardrop	Upper_Williamson_River
221321	Teardrop	Upper_Williamson_River
DP7EA02_CAP	Pond_7	Dilman
DP6_A01_CAP	Pond_6	Dilman
DP6_B01_CAP	Pond_6	Dilman
DP6_C01_CAP	Pond_6	Dilman
DP6_E01_CAP	Pond_6	Dilman
DP6_F01	Pond_6	Dilman
DP6_G01	Pond_6	Dilman
DP6_H02_CAP	Pond_6	Dilman
DP6_J01_CAP	Pond_6	Dilman
PD1E_A01_CAP	Pond1_E	Dilman
PD1E_B01_CAP	Pond1_E	Dilman
PD1E_C02_CAP	Pond1_E	Dilman
PD1E_D01_CAP	Pond1_E	Dilman
PD1E_E01_CAP	Pond1_E	Dilman
18APR13_NWPD_3_1_A	JVS	Seven_Mile_Cr
18APR13_NWPD_3_2_A	JVS	Seven_Mile_Cr
18APR13_NWPD_3_3_A	JVS	Seven_Mile_Cr
18APR13_NWPD_3_4_A	JVS	Seven_Mile_Cr
18APR13NWDX2_6_1_A	JVS	Seven_Mile_Cr
18APR13NWDX2_6_2_A	JVS	Seven_Mile_Cr
18APR13NWDX2_6_3_A	JVS	Seven_Mile_Cr
18APR13NWDX2_6_4_C	JVS	Seven_Mile_Cr
18APR13NWDX2_7_1_B	JVS	Seven_Mile_Cr
SCSW23MAY18_1	Slough_Camp_SW_Marsh	SW_Slough_Camp
SCSW23MAY18_3	Slough_Camp_SW_Marsh	SW_Slough_Camp
43510_CRANE	Crane_Cr	Crane_Cr
CRPH2_D3_26APR12_A	Crane_Cr	Crane_Cr
CRPH2_D8_26APR12_A	Crane_Cr	Crane_Cr
18APR13_NWPD_2_3_B	JVS	Seven_Mile_Cr
18APR13_NWPD_2_5_A	JVS	Seven_Mile_Cr
221393	Rocky_Ford	Upper_Williamson_River
DP6_D01_CAP	Pond_6	Dilman
DP6_I01_CAP	Pond_6	Dilman
18APR13NWDX2_7_2_A	JVS	Seven_Mile_Cr
18APR13NWDX2_7_3_A	JVS	Seven_Mile_Cr
KM_NWR_MC3_EM6_A1	Military_Crossing	KMNWR
KM_MC_7_EM3_A1	Military_Crossing	KMNWR
KM_CHOL_EM1_A1	Chollo	KMNWR
222209	Benchleg	Benchleg
212274	NW_Pasture	Buck_Lk
OSF_E142	Fish_Pond_Cr_66	Fish_Pond_Cr
OSF_E238	Rails_to_Trails_45	Rails_to_Trails
OSF_E358	WDFW_Mima_1	Black_R_Mima_Cr
DEEX_B02_CAP	East_Exc	Dilman
WRH2_G02_CAP	Hawkins2	Wood_R_Canal
KM_NWR_MC1_EM01_A1	Military_Crossing	KMNWR
KM_NWR_MC4_EM02_A1	Military_Crossing	KMNWR
KM_MC_8_EM1_A1	Military_Crossing	KMNWR
KMNWR_CHOLO_EM2_A1	Chollo	KMNWR
CAP_MEXC_C03_R	Mid_Exc	Dilman
PRSPLKBEAVPNDST_B7	Main_Beaver_Pond1	Parsnip_Lks
OSF_E182R	Salmon_Cr_Littlerock_Rd	Salmon_Cr_Littlerock_Rd
CAP_RDMP_D01R	LDR_100_Rd_Mill_Pond	LDR_100_Rd_Mill_Pond
WRH2_G02_CAPR	Hawkins2	Wood_R_Canal
40354_CRANER	Crane_Cr	Crane_Cr
