OSF_E9	Cen_Sec_C05	Potter_Rd
OSF_E11	Cen_Sec_C01	Potter_Rd
OSF_E18	Nor_Sec_N01	Potter_Rd
OSF_E19	Nor_Sec_N01	Potter_Rd
OSF_E146	Fish_Pond_Cr_66	Fish_Pond_Cr
OSF_E148	Fish_Pond_Cr_66	Fish_Pond_Cr
OSF_E231	Rails_to_Trails_44	Rails_to_Trails
OSF_E233	Rails_to_Trails_45	Rails_to_Trails
OSF_E239	Rails_to_Trails_45	Rails_to_Trails
OSF_E241	Little_Rock_Farm_6	Blooms_Ditch_Crockett
OSF_E242	Little_Rock_Farm_6	Blooms_Ditch_Crockett
OSF_E381	Ovi_2	SPS_Wildlife_Area
OSF_ERAAU_1	Forbes_Basin	U_Dempsey_Cr
RACA_S10A	RACA_unknown	RACA_unknown
OSF_E246	Little_Rock_Farm_3	Blooms_Ditch_Crockett
OSF_E348	Black_R_Ranch_1	Black_R_Mima_Cr
OSF_E356	WDFW_Mima_1	Black_R_Mima_Cr
OSF_E357	WDFW_Mima_1	Black_R_Mima_Cr
OSF_E20	Nor_Sec_N01	Potter_Rd
OSF_E138	Samish_R_Mills_Cr	Samish_R_Mills_Cr
OSF_E139	Samish_R_Mills_Cr	Samish_R_Mills_Cr
OSF_E234	Rails_to_Trails_45	Rails_to_Trails
OSF_E236	Rails_to_Trails_45	Rails_to_Trails
OSF_E237	Rails_to_Trails_45	Rails_to_Trails
OSF_E25	Fox	Black_Slough
OSF_E27	Anderson_1	Black_Slough
OSF_E31	Anderson_2	Black_Slough
OSF_E33	Barker_01	Black_Slough
OSF_E37	Barker_04	Black_Slough
OSF_E152	Fish_Pond_Cr_66	Fish_Pond_Cr
OSF_E158	Fish_Pond_Cr_66	Fish_Pond_Cr
OSF_E479	Kirsop_Rd	Fish_Pond_Cr
OSF_E161	Wilson_Dairy_W01_1	Dempsey_Cr
OSF_E167	Park_Pool_2	Dempsey_Cr
OSF_E248	Little_Rock_Farm_2	Blooms_Ditch_Crockett
OSF_E249	Little_Rock_Farm_2	Blooms_Ditch_Crockett
OSF_E251	Little_Rock_Farm_1	Blooms_Ditch_Crockett
OSF_E261	110th_37	Black_R_110th
OSF_E263	110th_36	Black_R_110th
OSF_E264	110th_36	Black_R_110th
OSF_E265	110th_38	Black_R_110th
OSF_E266	110th_38	Black_R_110th
OSF_E268	110th_36	Black_R_110th
OSF_E269	47	Black_R_110th
OSF_E382	Ovi_3	SPS_Wildlife_Area
OSF_E383	Ovi_3	SPS_Wildlife_Area
OSF_E390	Ovi_5	SPS_Wildlife_Area
OSF_E394	Ovi_7	SPS_Wildlife_Area
OSF_E396	Ovi_7	SPS_Wildlife_Area
OSF_ERAAU_2	Forbes_Basin	U_Dempsey_Cr
OSF_E39	Fox_2	Black_Slough
OSF_E58	SF_12	Black_Slough
OSF_E42	East_Swale	Catalyst
OSF_E43	East_Swale	Catalyst
OSF_E63	Stover	SF-10
OSF_E168	E_of_Post_1	Dempsey_Cr
OSF_E172	Pipeline_02	Dempsey_Cr
OSF_E173	Pipeline_24	Dempsey_Cr
OSF_E174	Pipeline_25	Dempsey_Cr
OSF_E175	Pipeline_28	Dempsey_Cr
OSF_E270	48	Black_R_110th
OSF_E273	110th_38	Black_R_110th
OSF_E275	110th_38	Black_R_110th
OSF_E278	110th_36	Black_R_110th
OSF_E280	The Bend_46	Black_R_110th
OSF_E281	Donkey_Corner_4	Black_R_123rd
OSF_E282	Donkey_Corner_4	Black_R_123rd
OSF_E290	Meadow_8	Black_R_123rd
OSF_E291	Meadow_2	Black_R_123rd
OSF_E292	Meadow_9	Black_R_123rd
OSF_E398	Ovi_9	SPS_Wildlife_Area
OSF_E400	Ovi_1	SPS_Wildlife_Area
OSF_E401	Interior_main	Trout_Lk
OSF_E403	E_Marsh_Mid_1	Trout_Lk
OSF_E404	Elk_Meadows_Far_E	Trout_Lk
OSF_ERAAU_3	Forbes_Basin	U_Dempsey_Cr
OSF_E64	Stover	SF-10
OSF_E65	Stover	SF-10
OSF_E66	Stover	SF-10
OSF_E67	Stover	SF-10
OSF_E68	Stover	SF-10
OSF_E176	Pipeline_40	Dempsey_Cr
OSF_E177	Pipeline_43	Dempsey_Cr
OSF_E179	Pipeline_42	Dempsey_Cr
OSF_E182	Salmon_Cr_Littlerock_Rd	Salmon_Cr_Littlerock_Rd
OSF_E183	Salmon_Cr_Littlerock_Rd	Salmon_Cr_Littlerock_Rd
OSF_E293	Meadow_7	Black_R_123rd
OSF_E294	S123_34_5	Black_R_123rd
OSF_E296	S123_31	Black_R_123rd
OSF_E297	Gate_32	Black_R_123rd
OSF_E298	Gate_32	Black_R_123rd
OSF_E299	Gate_35	Black_R_123rd
OSF_E303	White_3	Allen_Cr
OSF_E305	White_3	Allen_Cr
OSF_E308	White_3	Allen_Cr
OSF_E311	White_3	Allen_Cr
OSF_E406	E_March_S_flag_22_14	Trout_Lk
OSF_E411	Tree_Snag_2	Trout_Lk
OSF_E412	USFS_Beaver_Pond	Trout_Lk
OSF_E415	E_Marsh_Mid_2	Trout_Lk
OSF_E416	Elk_Meadows_Mid_W	Trout_Lk
OSF_ERAAU_4	Forbes_Basin	U_Dempsey_Cr
OSF_E69	Stover	SF-10
OSF_E70	Stover	SF-10
OSF_E71	Stover	SF-10
OSF_E72	Stover	SF-10
OSF_E85	SRP_SE_Meadow_SEM_2	Samish_R_Preserve
OSF_E186	Salmon_Cr_Littlerock_Rd	Salmon_Cr_Littlerock_Rd
OSF_E187	Salmon_Cr_Littlerock_Rd	Salmon_Cr_Littlerock_Rd
OSF_E189	Salmon_Cr_Littlerock_Rd	Salmon_Cr_Littlerock_Rd
OSF_E190	Salmon_Cr_Littlerock_Rd	Salmon_Cr_Littlerock_Rd
OSF_E192	Salmon_Cr_Littlerock_Rd	Salmon_Cr_Littlerock_Rd
OSF_E313	White_5	Allen_Cr
OSF_E314	White_5	Allen_Cr
OSF_E315	White_5	Allen_Cr
OSF_E321	Eastside_004	Beaver_Cr_WRP
OSF_E322	Eastside_006	Beaver_Cr_WRP
OSF_E323	Eastside_006	Beaver_Cr_WRP
OSF_E324	Westside_001	Beaver_Cr_WRP
OSF_E325	Westside_003	Beaver_Cr_WRP
OSF_E326	Westside_001	Beaver_Cr_WRP
OSF_E327	Westside_007	Beaver_Cr_WRP
OSF_E417	Tree_Snag_1	Trout_Lk
OSF_E419	Elk_Meadows_Mid_2	Trout_Lk
OSF_E423	Laurel_Cross	Conboy_Lk
OSF_E426	Camas_W	Conboy_Lk
OSF_E427	Camas_W	Conboy_Lk
OSF_ERAAU_5	Forbes_Basin	U_Dempsey_Cr
OSF_E86	SRP_SE_Meadow_SEM_2	Samish_R_Preserve
OSF_E88	SRP_SE_Meadow_SEM_1	Samish_R_Preserve
OSF_E89	S_Pond_SP_001	Samish_R_Preserve
OSF_E91	SRP_SE_Meadow_SEM_3	Samish_R_Preserve
OSF_E94	Innis_Cr_Rd_ICR_002	Samish_R_Preserve
OSF_E198	Salmon_Cr_Littlerock_Rd	Salmon_Cr_Littlerock_Rd
OSF_E200	Salmon_Cr_Littlerock_Rd	Salmon_Cr_Littlerock_Rd
OSF_E201	Strobl_Property	Salmon_Cr_Case_Rd
OSF_E208	Century_Preserve	Salmon_Cr_Case_Rd
OSF_E217	Century_Preserve	Salmon_Cr_Case_Rd
OSF_E328	Eastside_004	Beaver_Cr_WRP
OSF_E329	Westside_001	Beaver_Cr_WRP
OSF_E330	Westside_003	Beaver_Cr_WRP
OSF_E331	Westside_003	Beaver_Cr_WRP
OSF_E332	Westside_002	Beaver_Cr_WRP
OSF_E333	Westside_003	Beaver_Cr_WRP
OSF_E334	Westside_005	Beaver_Cr_WRP
OSF_E335	Eastside_004	Beaver_Cr_WRP
OSF_E336	Westside_001	Beaver_Cr_WRP
OSF_E337	Westside_009	Beaver_Cr_WRP
OSF_E428	Camas_W	Conboy_Lk
OSF_E429	C_and_H_S	Conboy_Lk
OSF_E430	Camas_E	Conboy_Lk
OSF_E431	Conboy_Lk	Conboy_Lk
OSF_E432	Conboy_Lk	Conboy_Lk
OSF_E1	So_Sec_S02	Potter_Rd
OSF_E2	So_Sec_S02	Potter_Rd
OSF_E3	So_Sec_S03	Potter_Rd
OSF_E4	So_Sec_S03	Potter_Rd
OSF_E5	So_Sec_S03	Potter_Rd
OSF_E6	So_Sec_S06	Potter_Rd
OSF_E7	So_Sec_S06	Potter_Rd
OSF_E8	Cen_Sec_C05	Potter_Rd
OSF_E10	Cen_Sec_C06	Potter_Rd
OSF_E12	Cen_Sec_C06	Potter_Rd
OSF_E13	Cen_Sec_C02	Potter_Rd
OSF_E141	Fish_Pond_Cr_66	Fish_Pond_Cr
OSF_E143	Fish_Pond_Cr_54	Fish_Pond_Cr
OSF_E144	Fish_Pond_Cr_66	Fish_Pond_Cr
OSF_E145	Fish_Pond_Cr_66	Fish_Pond_Cr
OSF_E147	Fish_Pond_Cr_54	Fish_Pond_Cr
OSF_E149	Fish_Pond_Cr_54	Fish_Pond_Cr
OSF_E150	Fish_Pond_Cr_66	Fish_Pond_Cr
OSF_E151	Fish_Pond_Cr_66	Fish_Pond_Cr
OSF_E235	Rails_to_Trails_45	Rails_to_Trails
OSF_E243	Little_Rock_Farm_5	Blooms_Ditch_Crockett
OSF_E244	Little_Rock_Farm_5	Blooms_Ditch_Crockett
OSF_E245	Little_Rock_Farm_4	Blooms_Ditch_Crockett
OSF_E247	Little_Rock_Farm_2	Blooms_Ditch_Crockett
OSF_E250	Little_Rock_Farm_1	Blooms_Ditch_Crockett
OSF_E252	Little_Rock_Farm_1	Blooms_Ditch_Crockett
OSF_E283	Donkey_Corner_5	Black_R_123rd
OSF_E344	Mima_CNLM_2	Black_R_Mima_Cr
OSF_E345	Mima_CNLM_3	Black_R_Mima_Cr
OSF_E346	Mima_CNLM_4	Black_R_Mima_Cr
OSF_E347	Mima_CNLM_5	Black_R_Mima_Cr
OSF_E349	WDFW_Mima_2	Black_R_Mima_Cr
OSF_E350	WDFW_Mima_2	Black_R_Mima_Cr
OSF_E351	WDFW_Mima_2	Black_R_Mima_Cr
OSF_E352	WDFW_Mima_2	Black_R_Mima_Cr
OSF_E14	Cen_Sec_C07	Potter_Rd
OSF_E15	Cen_Sec_C08	Potter_Rd
OSF_E16	Cen_Sec_C10	Potter_Rd
OSF_E21	SF_11	Black_Slough
OSF_E22	SF_11	Black_Slough
OSF_E23	SF_11	Black_Slough
OSF_E24	SF_11	Black_Slough
OSF_E26	Anderson_1	Black_Slough
OSF_E28	Anderson_1	Black_Slough
OSF_E29	Anderson_2	Black_Slough
OSF_E32	Barker_01	Black_Slough
OSF_E153	Fish_Pond_Cr_66	Fish_Pond_Cr
OSF_E154	Fish_Pond_Cr_54	Fish_Pond_Cr
OSF_E155	Fish_Pond_Cr_66	Fish_Pond_Cr
OSF_E156	Fish_Pond_Cr_54	Fish_Pond_Cr
OSF_E157	Fish_Pond_Cr_66	Fish_Pond_Cr
OSF_E159	Fish_Pond_Cr_54	Fish_Pond_Cr
OSF_E162	Wilson_Dairy_W01_2	Dempsey_Cr
OSF_E163	N_Margin_S	Dempsey_Cr
OSF_E284	Donkey_Corner_5	Black_R_123rd
OSF_E285	Bades_12	Black_R_123rd
OSF_E286	Bades_12	Black_R_123rd
OSF_E289	Historic_1	Black_R_123rd
OSF_E295	S123_34_5	Black_R_123rd
OSF_E300	Gate_42	Black_R_123rd
OSF_E301	Rogers_1	Allen_Cr
OSF_E302	Rogers_1	Allen_Cr
OSF_E353	WDFW_Mima_3	Black_R_Mima_Cr
OSF_E354	WDFW_Mima_3	Black_R_Mima_Cr
OSF_E355	WDFW_Mima_1	Black_R_Mima_Cr
OSF_E384	Ovi_3	SPS_Wildlife_Area
OSF_E385	Ovi_3	SPS_Wildlife_Area
OSF_E386	Ovi_4	SPS_Wildlife_Area
OSF_E387	Ovi_4	SPS_Wildlife_Area
OSF_E388	Ovi_5	SPS_Wildlife_Area
OSF_E381R	Ovi_2	SPS_Wildlife_Area
OSF_E23R	SF_11	Black_Slough
OSF_E34	Barker_02	Black_Slough
OSF_E35	Barker_03	Black_Slough
OSF_E36	Barker_05	Black_Slough
OSF_E38	Fox_2	Black_Slough
OSF_E40	Fox_2	Black_Slough
OSF_E41	East_Swale	Catalyst
OSF_E61	Stover	SF-10
OSF_E62	Stover	SF-10
OSF_E73	Stover	SF-10
OSF_E81	SRP_N_Pnd_NP_001	Samish_R_Preserve
OSF_E82	SRP_N_Pnd_NP_001	Samish_R_Preserve
OSF_E164	E_of_Post_2	Dempsey_Cr
OSF_E165	Park_Pool_1	Dempsey_Cr
OSF_E166	N_Margin	Dempsey_Cr
OSF_E169	Cow_Crossing_1	Dempsey_Cr
OSF_E170	Shrub_1	Dempsey_Cr
OSF_E171	Pipeline_01	Dempsey_Cr
OSF_E178	Pipeline_41	Dempsey_Cr
OSF_E180	Pipeline_45	Dempsey_Cr
OSF_E304	White_3	Allen_Cr
OSF_E306	White_3	Allen_Cr
OSF_E307	White_3	Allen_Cr
OSF_E309	White_3	Allen_Cr
OSF_E310	White_3	Allen_Cr
OSF_E312	White_5	Allen_Cr
OSF_E316	White_1	Allen_Cr
OSF_E317	White_1	Allen_Cr
OSF_E389	Ovi_5	SPS_Wildlife_Area
OSF_E391	Ovi_5	SPS_Wildlife_Area
OSF_E392	Ovi_6	SPS_Wildlife_Area
OSF_E393	Ovi_6	SPS_Wildlife_Area
OSF_E395	Ovi_7	SPS_Wildlife_Area
OSF_E397	Ovi_8	SPS_Wildlife_Area
OSF_E402	E_Marsh_N_1	Trout_Lk
OSF_E405	Interior_single	Trout_Lk
OSF_E270R	48	Black_R_110th
OSF_E303R	White_3	Allen_Cr
OSF_E389R	Ovi_5	SPS_Wildlife_Area
OSF_E83	SRP_N_Pnd_NP_002	Samish_R_Preserve
OSF_E84	SRP_SE_Meadow_SEM_2	Samish_R_Preserve
OSF_E87	SRP_SE_Meadow_SEM_2	Samish_R_Preserve
OSF_E90	S_Pond_SP_001	Samish_R_Preserve
OSF_E92	Innis_Cr_Rd_ICR_001	Samish_R_Preserve
OSF_E93	Innis_Cr_Rd_ICR_001	Samish_R_Preserve
OSF_E95	Erlholm	Samish_R_Preserve
OSF_E96	Erlholm	Samish_R_Preserve
OSF_E97	Erlholm_back_pnd	Samish_R_Preserve
OSF_E121	Samish_R_Mills_Cr	Samish_R_Mills_Cr
OSF_E122	Samish_R_Mills_Cr	Samish_R_Mills_Cr
OSF_E181	Salmon_Cr_Littlerock_Rd	Salmon_Cr_Littlerock_Rd
OSF_E184	Salmon_Cr_Littlerock_Rd	Salmon_Cr_Littlerock_Rd
OSF_E185	Salmon_Cr_Littlerock_Rd	Salmon_Cr_Littlerock_Rd
OSF_E188	Salmon_Cr_Littlerock_Rd	Salmon_Cr_Littlerock_Rd
OSF_E191	Salmon_Cr_Littlerock_Rd	Salmon_Cr_Littlerock_Rd
OSF_E195	Salmon_Cr_Littlerock_Rd	Salmon_Cr_Littlerock_Rd
OSF_E196	Salmon_Cr_Littlerock_Rd	Salmon_Cr_Littlerock_Rd
OSF_E197	Salmon_Cr_Littlerock_Rd	Salmon_Cr_Littlerock_Rd
OSF_E318	White_1	Allen_Cr
OSF_E319	White_1	Allen_Cr
OSF_E320	White_1	Allen_Cr
OSF_E340	Westside_001	Beaver_Cr_WRP
OSF_E407	Clarksville_Flag_22_7	Trout_Lk
OSF_E408	E_Marsh_N_2	Trout_Lk
OSF_E409	SDS_1	Trout_Lk
OSF_E410	E_Marsh_S_flag_22_15	Trout_Lk
OSF_E414	Clarksville_Flag_22_6	Trout_Lk
OSF_E418	SDS_2	Trout_Lk
OSF_E420	Elk_Meadows_Mid_1	Trout_Lk
OSF_E422	Laurel_E	Conboy_Lk
OSF_E424	Laurel_Cross	Conboy_Lk
OSF_E425	Laurel_Cross	Conboy_Lk
OSF_E435	Oxbow	Conboy_Lk
OSF_E440	Kelley_Main	Conboy_Lk
OSF_E352r	WDFW_Mima_2	Black_R_Mima_Cr
OSF_E95r	Erlholm	Samish_R_Preserve
OSF_E124	Samish_R_Mills_Cr	Samish_R_Mills_Cr
OSF_E125	Samish_R_Mills_Cr	Samish_R_Mills_Cr
OSF_E126	Samish_R_Mills_Cr	Samish_R_Mills_Cr
OSF_E127	Samish_R_Mills_Cr	Samish_R_Mills_Cr
OSF_E130	Samish_R_Mills_Cr	Samish_R_Mills_Cr
OSF_E131	Samish_R_Mills_Cr	Samish_R_Mills_Cr
OSF_E132	Samish_R_Mills_Cr	Samish_R_Mills_Cr
OSF_E133	Samish_R_Mills_Cr	Samish_R_Mills_Cr
OSF_E134	Samish_R_Mills_Cr	Samish_R_Mills_Cr
OSF_E135	Samish_R_Mills_Cr	Samish_R_Mills_Cr
OSF_E136	Samish_R_Mills_Cr	Samish_R_Mills_Cr
OSF_E137	Samish_R_Mills_Cr	Samish_R_Mills_Cr
OSF_E199	Salmon_Cr_Littlerock_Rd	Salmon_Cr_Littlerock_Rd
OSF_E202	Century_Preserve	Salmon_Cr_Case_Rd
OSF_E204	Century_Preserve	Salmon_Cr_Case_Rd
OSF_E205	Century_Preserve	Salmon_Cr_Case_Rd
OSF_E206	Century_Preserve	Salmon_Cr_Case_Rd
OSF_E207	Century_Preserve	Salmon_Cr_Case_Rd
OSF_E209	Century_Preserve	Salmon_Cr_Case_Rd
OSF_E210	Century_Preserve	Salmon_Cr_Case_Rd
OSF_E211	Century_Preserve	Salmon_Cr_Case_Rd
OSF_E212	Century_Preserve	Salmon_Cr_Case_Rd
OSF_E215	Century_Preserve	Salmon_Cr_Case_Rd
OSF_E216	Century_Preserve	Salmon_Cr_Case_Rd
OSF_E218	Century_Preserve	Salmon_Cr_Case_Rd
OSF_E219	Century_Preserve	Salmon_Cr_Case_Rd
OSF_E221	Rails_to_Trails_40	Rails_to_Trails
OSF_E222	Rails_to_Trails_40	Rails_to_Trails
OSF_E223	Rails_to_Trails_40	Rails_to_Trails
OSF_E225	Rails_to_Trails_41	Rails_to_Trails
OSF_E226	Rails_to_Trails_41	Rails_to_Trails
OSF_E228	Rails_to_Trails_43	Rails_to_Trails
OSF_E229	Rails_to_Trails_43	Rails_to_Trails
OSF_E136_R	Samish_R_Mills_Cr	Samish_R_Mills_Cr
OSF_E174_R	Pipeline_25	Dempsey_Cr
OSF_E98	Erlholm_back_pnd	Samish_R_Preserve
OSF_E99	Erlholm_back_pnd	Samish_R_Preserve
OSF_E100	Erlholm_back_pnd	Samish_R_Preserve
OSF_E123	Samish_R_Mills_Cr	Samish_R_Mills_Cr
OSF_E361	Kadoun_OSF_1	Salmon_Cr_Case_Rd
OSF_E362	Kadoun_OSF_10	Salmon_Cr_Case_Rd
OSF_E363	Kadoun_OSF_12	Salmon_Cr_Case_Rd
OSF_E364	Kadoun_OSF_6	Salmon_Cr_Case_Rd
OSF_E224	Rails_to_Trails_41	Rails_to_Trails
OSF_E227	Rails_to_Trails_39	Rails_to_Trails
OSF_E230	Rails_to_Trails_44	Rails_to_Trails
OSF_E338	Westside_001	Beaver_Cr_WRP
OSF_E339	Westside_001	Beaver_Cr_WRP
OSF_E341	Mima_CNLM_1	Black_R_Mima_Cr
OSF_E342	Mima_CNLM_1	Black_R_Mima_Cr
OSF_E343	Mima_CNLM_1	Black_R_Mima_Cr
OSF_E433	Troh	Conboy_Lk
OSF_E434	Troh	Conboy_Lk
OSF_E436	Kelley_N	Conboy_Lk
OSF_E437	Kelley_N	Conboy_Lk
OSF_E438	Kelley_Main	Conboy_Lk
OSF_E439	Kelley_Main	Conboy_Lk
OSF_E142	Fish_Pond_Cr_66	Fish_Pond_Cr
OSF_E238	Rails_to_Trails_45	Rails_to_Trails
OSF_E358	WDFW_Mima_1	Black_R_Mima_Cr
OSF_E182R	Salmon_Cr_Littlerock_Rd	Salmon_Cr_Littlerock_Rd
BEAVER_RACA_2	RACA_Beaver_Marsh	RACA_Mink_Lk
17AUG22BEAVERRACA3	RACA_Beaver_Marsh	RACA_Mink_Lk
18AUG22BEAV_RACA_1	RACA_Beaver_Marsh	RACA_Mink_Lk
18AUG22BEAV_RACA4	RACA_Beaver_Marsh	RACA_Mink_Lk
