1	210047
2	210073
3	210191
4	210235
5	221106
6	211751
7	211789
8	211776
9	OSF_E9
10	OSF_E11
11	OSF_E18
12	OSF_E19
13	OSF_E146
14	OSF_E148
15	OSF_E231
16	OSF_E233
17	OSF_E239
18	OSF_E241
19	OSF_E242
20	OSF_ERAAU_1
21	RACA_S10A
22	DEEX_C01
23	WRH2_A01
24	WRH2_B01
25	WRH2_H01
26	WRH2_I02
27	WRH2_J01
28	KM_NWR_MC2_EM01_A1
29	KM_NWR_MC3_EM1_A1
30	KM_NWR_MC3_EM2_A1
31	KM_NWR_MC5_EM01_A1
32	KM_NWR_MC5_EM04_A1
33	KM_NWR_MC5_EM05_A1
34	KM_PEN_RD_EM2_A1
35	KM_PEN_RD_EM4_A1
36	KM_PEN_RD_EM7_A1
37	KMNWRCHOLO_EM03_A1
38	KMNWRCHOLO_EM04_A1
39	KM_CHOL_EM6_A1
40	OSF_E246
41	OSF_E348
42	OSF_E356
43	OSF_E357
44	PD1E_H02
45	DP1W_A01
46	DSBT_A01
47	DEEX_A02
48	WRH2_C01
49	WRH2_D01
50	WRH2_E01
51	WRH2_F01
52	WRH2_L01
53	WRBS_A02
54	WRBS_B01
55	WRBS_D01
56	KM_NWR_MC3_EM3_A1
57	KM_NWR_MC3_EM04_A1
58	KM_NWR_MC3_EM5_A1
59	KM_MC6_EM2_A1
60	KM_NWR_MC7_EM01_A1
61	KM_MC7_EM2_A1
62	KM_PEN_RD_EM8_A1
63	KM_PEN_RD_EM9_A1
64	KM_PEN_RD_EM10_A1
65	CHOL_EM7_A1
66	KM_NWR_DEVINE_EM01_A2
67	KM_NWR_DEVINE_EM02_A1
68	USGS_220449
69	USGS_220356
70	USGS_220341
71	USGS_211875
72	USGS_212263
73	USGS_211861
74	OSF_E20
75	OSF_E138
76	OSF_E139
77	OSF_E234
78	OSF_E236
79	OSF_E237
80	211888
81	211903
82	211848
83	220900
84	220848
85	220870
86	220892
87	220926
88	220677
89	220730
90	221453
91	221678
92	221961
93	221465
94	212359
95	212360
96	OSF_E25
97	OSF_E27
98	OSF_E31
99	OSF_E33
100	OSF_E37
101	OSF_E152
102	OSF_E158
103	OSF_E479
104	OSF_E161
105	OSF_E167
106	OSF_E248
107	OSF_E249
108	OSF_E251
109	OSF_E261
110	OSF_E263
111	OSF_E264
112	OSF_E265
113	OSF_E266
114	OSF_E268
115	OSF_E269
116	OSF_E382
117	OSF_E383
118	OSF_E390
119	OSF_E394
120	OSF_E396
121	OSF_ERAAU_2
122	BEAVER_RACA_2
123	DEV_EM10_A1
124	KM_NWR_DEV_EM11_A2
125	KM_NWR_DEV_EM12_A1
126	KM_NWR_DEV_EM13_A1
127	KM_NWR_DEV_EM14_A1
128	KM_NWR_DEV_EM15_A1
129	KM_DEV_EM20_A1
130	KM_DEV_EM22_A1
131	KM_DEV_EM24_A1
132	DEV_EM25_A1
133	4_MILE_BEAV_EM3_A1
134	4MILE_MARSH_EM1_A1
135	4MILE_MARSH_EM2_A1
136	BS_GAG_D_EM3_A1
137	BS_GAG_D_EM5_A2
138	CAP_USGS_KMHQ_A01
139	CAP_SRV1_A01
140	CAP_SRV1_B01
141	CAP_SRV2_A01
142	CAP_SRV3_A01
143	CAP_SRV3_B01
144	CAP_SRV3_C01
145	CAP_SRV3_E01
146	CAP_SRV4_A02
147	CAP_SRV4_B01
148	CAP_SRV4_C01
149	CAP_SRV4_D01
150	CAP_SRV4_E02
151	CAP_SRV4_F01
152	CAP_SRV4_H01
153	CAP_SRV4_I01
154	CAP_SRV4_J01
155	CAP_SRV4_K01
156	CAP_SRV4_M01
157	CAP_SRNT_A03
158	CAP_SRNT_B01
159	CAP_SRNT_C01
160	CAP_SRNT_D02
161	CAP_SRNT_E01
162	CAP_SRNT_F01
163	CAP_SRNT_G01
164	CAP_SRNT_H02
165	CAP_SRNT_I01
166	CAP_LOXW_AO2
167	CAP_LOXW_BO1
168	CAP_LOXW_CO1
169	CAP_LOXW_DO1
170	CAP_LOXW_EO1
171	CAP_LOXW_FO2
172	CAP_LOXW_GO1
173	CAP_LOXW_HO1
174	222255
175	222265
176	222282
177	222293
178	RAPR8_9_22_1
179	RAPR8_9_22_2
180	LJM26JUN18_2_RAPR
181	LJM26JUN18_6_RAPR
182	LJ8AUG19_3_RAPR_F
183	222074
184	211987
185	212003
186	212006
187	211720
188	211698
189	211686
190	OSF_E39
191	OSF_E58
192	OSF_E42
193	OSF_E43
194	OSF_E63
195	OSF_E168
196	OSF_E172
197	OSF_E173
198	OSF_E175
199	OSF_E270
200	OSF_E273
201	OSF_E275
202	OSF_E278
203	OSF_E280
204	OSF_E281
205	OSF_E282
206	OSF_E290
207	OSF_E291
208	OSF_E292
209	OSF_E398
210	OSF_E400
211	OSF_E401
212	OSF_E403
213	OSF_E404
214	OSF_ERAAU_3
215	17AUG22BEAVERRACA3
216	CAP_LOXW_KO1
217	CAP_LOXW_LO1
218	CAP_LOXE_A01
219	CAP_LOXE_B01
220	CAP_LOXE_C01
221	CAP_LOXE_D01
222	CAP_LOXE_E02
223	CAP_LOXE_F01
224	CAP_LOXE_G01
225	CAP_LOXE_H01
226	CAP_LOXE_I01
227	CAP_LOXE_J01
228	CAP_LOXE_K01
229	CAP_LOXE_L01
230	CAP_LOXE_M01
231	CAP_NDR_A02
232	CAP_NDR_B01
233	CAP_NDR_C01
234	CAP_NDR_D01
235	CAP_NDR_E01
236	CAP_NDR_F01
237	CAP_NDR_G01
238	CAP_NDR_H01
239	CAP_NDR_I02
240	NDR_J01
241	CAP_NDR_K01
242	CAP_NDR_L01
243	CAP_NDR_M02
244	CAP_NDR_N01
245	CAP_NDR_O01
246	CAP_NDR_P01
247	CAP_NDR_R01
248	CAP_NDR_S01
249	CAP_NDR_T01
250	CAP_FWY2_A01
251	CAP_FWY2_B01
252	CAP_FWY2_C02
253	CAP_FWY2_D01
254	CAP_FWY2_E02
255	CAP_BUL_A01
256	CAP_BUL_B03
257	CAP_BUL_D01
258	CAP_BUL_E01
259	CAP_BUL_G01
260	CAP_BUL_H01
261	CAP_BUL_I01
262	CAP_BUL_J02
263	CAP_BUL_K02
264	CAP_BUL_L02
265	CAP_BUL_M02
266	CAP_BUL_N01
267	211671
268	211647
269	211610
270	211621
271	211594
272	JME29AUG_11
273	JME29AUG_7
274	JME29AUG_9
275	211419
276	K16AUG17_01
277	KM11SEPT19_1X
278	KM11SEPT19_2X
279	16AUG22RAPR1BEAV
280	18AUG22BEAVRAPR10
281	18AUG22BEAVRAPR15
282	17AUG22CABINRAPR1
283	OSF_E64
284	OSF_E65
285	OSF_E66
286	OSF_E67
287	OSF_E68
288	OSF_E176
289	OSF_E177
290	OSF_E179
291	OSF_E183
292	OSF_E293
293	OSF_E294
294	OSF_E296
295	OSF_E297
296	OSF_E298
297	OSF_E299
298	OSF_E305
299	OSF_E308
300	OSF_E311
301	OSF_E406
302	OSF_E411
303	OSF_E412
304	OSF_E415
305	OSF_E416
306	OSF_ERAAU_4
307	18AUG22BEAV_RACA_1
308	CAP_BUL_R01
309	CAP_BUL_S01
310	CAP_BUL_T02
311	CAP_BUL_V02
312	CAP_BUL_W01
313	CAP_BUL_X02
314	CAP_NCP_A01
315	CAP_NCP_B01
316	CAP_NCP_D02
317	CAP_NCP_E03
318	CAP_NCP_F01
319	CAP_NCP_H01
320	CAP_NCP_I01
321	CAP_NCP_J02
322	CAP_NCP_K01
323	CAP_NCP_L01
324	CAP_NCP_M01
325	CAP_NCP_N01
326	CAP_NCP_P01
327	CAP_NCP_Q01
328	CAP_NCP_R01
329	CAP_NCP_S02
330	CAP_NCP_T02
331	CAP_NCP_V01
332	CAP_SRNT_K01
333	CAP_SRNT_L01
334	CAP_SRNT_M01
335	CAP_SRNT_N01
336	CAP_SRNT_O02
337	CAP_SRNT_R03
338	CAP_SRNT_S02
339	CAP_SRDP_A01
340	CAP_SRDP_B01
341	CAP_SRDP_C02
342	CAP_SRDP_D02
343	CAP_SRDP_E01
344	CAP_SRDP_F01
345	CAP_SRDP_G02
346	CAP_SRDP_H01
347	CAP_SRDP_I02
348	CAP_SRDP_J01
349	CAP_SRFW_A01
350	CAP_SRFW_B01
351	CAP_SRFW_C01
352	CAP_SRFW_D01
353	CAP_SRFW_E01
354	CAP_SRFW_F01
355	CAP_SRFW_G02
356	CAP_BIMA_A01
357	CAP_BIMA_B01
358	CAP_BIMA_C02
359	USGS_210631
360	USGS_210736
361	USGS_210754
362	USGS_211813
363	USGS_221631
364	USGS_221843
365	USGS_221870
366	USGS_221891
367	USGS_221905
368	USGS_221920
369	USGS_220198
370	SCE1AUG17_03
371	SCE1AUG17_05
372	SCE1AUG17_26
373	SCE2AUG17_31
374	SCE2AUG17_32
375	OSF_E86
376	OSF_E88
377	OSF_E89
378	OSF_E91
379	OSF_E94
380	OSF_E198
381	OSF_E200
382	OSF_E201
383	OSF_E208
384	OSF_E217
385	OSF_E328
386	OSF_E329
387	OSF_E330
388	OSF_E331
389	OSF_E332
390	OSF_E333
391	OSF_E334
392	OSF_E335
393	OSF_E336
394	OSF_E337
395	OSF_E428
396	OSF_E429
397	OSF_E430
398	OSF_E431
399	OSF_E432
400	CAP_MEXC_B02
401	CAP_MEXC_C03
402	CAP_MEXC_D02
403	CAP_MEXC_E03
404	CAP_MEXC_F03
405	CAP_P5N_A01
406	CAP_P5N_B01
407	CAP_P5N_C02
408	CAP_P5N_D01
409	CAP_P5N_E01
410	CAP_P5N_F02
411	CAP_P5N_G01
412	CAP_P5N_H01
413	CAP_P5N_I01
414	CAP_P5N_J01
415	CAP_P5N_K01
416	Farris_EM1_C
417	ParsnipLkBeavPondSiteB2
418	ParsnipLkBeavPondSiteB3
419	ParsnipLkBeavPondSiteB4
420	ParsnipLkBeavPondSiteB8
421	ParsnipLkBeavPondSiteB10
422	ParsnipLkBeavPondSiteB11
423	ParsnipLkBeavPondSiteB12
424	ParsnipLkBeavPondSiteB14
425	ParsnipLkBeavPondSiteA1
426	ParsnipLkBeavPondSiteA2
427	ParsnipLkLowerMarsh1
428	ParsnipLkMiddlePond1
429	D1547Crane
430	Crane44536
431	Crane3734A
432	Crane36C6B
433	A5003Crane
434	Crane87C6B
435	Crane63F52
436	Crane40354
437	Crane3293A
438	Crane21240
439	Crane03EO3
440	A7466Crane
441	A4470Crane
442	E5C0ACrane
443	Crane9082A
444	Crane3156C
445	CrPh2_sw_1_26_Apr_12_A
446	CrPh2_D_4_A
447	CrPh2_5_A
448	CrPh2_D_7_26_Apr_12_A
449	CrPh2_9_A
450	CrPh2_D_10_26_Apr_12_A
451	CrPh2_D_11_A
452	USGS_210049
453	USGS_210101
454	USGS_210114
455	USGS_210127
456	USGS_210151
457	USGS_210168
458	USGS_210260
459	USGS_210281
460	USGS_210288
461	USGS_211563
462	USGS_220435
463	USGS_220327
464	USGS_210015
465	USGS_222199
466	USGS_222225
467	BP26JUN19_2_RAPR_U
468	BP26JUN19_4_RAPR_U
469	USGS_221121
470	USGS_212134
471	HOGCRWHTHSE212407
472	HOG_WH01_212130
473	HOG_WH02_212131
474	HOG_WH04_212133
475	RAPRF_1_KC_19JUN19
476	USGS_211940
477	USGS_211958
478	USGS_211927
479	USGS_211740
480	USGS_211804
481	USGS_212180
482	USGS_212197
483	USGS_220141
484	USGS_220182
485	USGS_221071
486	USGS_220944
487	USGS_221056
488	USGS_220975
489	USGS_220915
490	USGS_220689
491	LCL11JUL19_1_RAPR_F
492	RAPR_CRANE_1_20SEPT22
493	RAPR_CRANE_4_20SEPT22
494	RAPRCrane_2_20Sept22
495	RAPRCrane_1_22Sept22
496	RAPRCrane_2_22Sept22
497	USGS_221449
498	USGS_221699
499	USGS_222183
500	USGS_221715
501	USGS_221725
502	OSF_E1
503	OSF_E2
504	OSF_E3
505	OSF_E4
506	OSF_E5
507	OSF_E6
508	OSF_E7
509	OSF_E8
510	OSF_E10
511	OSF_E12
512	OSF_E13
513	OSF_E141
514	OSF_E143
515	OSF_E144
516	OSF_E145
517	OSF_E147
518	OSF_E149
519	OSF_E150
520	OSF_E151
521	OSF_E235
522	OSF_E243
523	OSF_E244
524	OSF_E245
525	OSF_E247
526	OSF_E250
527	OSF_E252
528	OSF_E283
529	OSF_E344
530	OSF_E345
531	OSF_E346
532	OSF_E347
533	OSF_E349
534	OSF_E350
535	OSF_E351
536	OSF_E352
537	WRH2_M02_CAP
538	WRBS_C02_CAP
539	KM_NWR_MC5_EM03_A1
540	KM_NWR_MC5_EM06_A1
541	M6_6_EM03_A1
542	PEN_RD_EM3_A1
543	KM_RI_Pnd_EM1_A1
544	KM_RI_Pnd_EM2_A1
545	KM_RI_Pnd_EM3_A1
546	17AUG22CABINRAPR_2
547	17AUG22CABINRAPR_3
548	17AUG22CABINRAPR_4
549	16AUG22RAPR1_UN
550	16AUG22RAPR2_UN
551	16AUG22RAPR3_UN
552	16AUG22RAPR4_UN
553	16AUG22RAPR5_UN
554	17AUG22_UN_RAPR_10
555	17AUG22_UN_RAPR_6
556	17AUG22_UN_RAPR_8
557	17AUG22RAPR5
558	12JUL22_WINOPEE_2
559	210374
560	210469
561	210530
562	OSF_E69
563	OSF_E70
564	OSF_E71
565	OSF_E72
566	OSF_E85
567	OSF_E186
568	OSF_E187
569	OSF_E189
570	OSF_E190
571	OSF_E192
572	OSF_E313
573	OSF_E314
574	OSF_E315
575	OSF_E321
576	OSF_E322
577	OSF_E323
578	OSF_E324
579	OSF_E325
580	OSF_E326
581	OSF_E327
582	OSF_E417
583	OSF_E419
584	OSF_E423
585	OSF_E426
586	OSF_E427
587	OSF_ERAAU_5
588	18AUG22BEAV_RACA4
589	CAP_BIMA_F02
590	CAP_BIMA_G02
591	CAP_BIMA_H02
592	CAP_BIMA_I02
593	CAP_BIMA_L02
594	CAP_BIMA_O01
595	CAP_BIMA_P01
596	CAP_BIMA_S02
597	CAP_BIMA_T01
598	CAP_BIMA_U02
599	CAP_BIMA_X02
600	CAP_BIMA_CC02
601	CAP_LHS_A01
602	CAP_LHS_B01
603	CAP_LHS_C01
604	CAP_LHS_D01
605	CAP_LDBO_A01
606	CAP_LDBO_B01
607	CAP_LDBO_C02
608	CAP_LDBO_E01
609	CAP_LDBO_F01
610	CAP_USGS_LDBO_G01
611	CAP_LDBP_A01
612	CAP_LDBP_B02
613	CAP_LDBP_C01
614	CAP_LDBP_D01
615	CAP_LDBP_E01
616	CAP_LDBP_F01
617	CAP_RDMP_A02
618	CAP_RDMP_B01
619	CAP_RDMP_C02
620	CAP_RDMP_E02
621	CAP_RDMP_G01
622	CAP_RDMP_H03
623	CAP_RDMP_I01
624	CAP_USGS_EFSOX_A01
625	CAP_USGS_EFSOX_B01
626	CAP_USGS_EFSOX_C01
627	CAP_USGS_EFSOX_D01
628	CAP_USGS_EFSOX_E01
629	CAP_USGS_EFSOX_F01
630	CAP_USGS_EFSOX_G01
631	CAP_USGS_EFSOX_H01
632	CAP_CTNO_A02
633	CAP_CTMO_B01
634	CAP_CTMO_D01
635	CAP_CTWO_A01
636	CAP_CTWOB_A01
637	CAP_MEXC_A01
638	221740
639	221199
640	221203
641	221208
642	221212
643	221481
644	212342
645	212343
646	212348
647	212349
648	212350
649	212352
650	212353
651	212354
652	212355
653	212357
654	212358
655	212363
656	222243
657	RAPR8_9_22_3
658	RAPR8_9_22_4
659	RAPR8_9_22_5
660	RAPR8_9_22_6
661	RAPR8_9_22_7
662	RAPR8_9_22_8
663	RAPR8_9_22_9
664	212299
665	212300
666	212301
667	212302
668	212303
669	212304
670	212305
671	212306
672	212307
673	212222
674	212223
675	212224
676	212308
677	212336
678	212337
679	212338
680	212339
681	212340
682	221510
683	221532
684	212226
685	212227
686	212228
687	212229
688	OSF_E14
689	OSF_E15
690	OSF_E16
691	OSF_E21
692	OSF_E22
693	OSF_E23
694	OSF_E24
695	OSF_E26
696	OSF_E28
697	OSF_E29
698	OSF_E32
699	OSF_E153
700	OSF_E154
701	OSF_E155
702	OSF_E156
703	OSF_E157
704	OSF_E159
705	OSF_E162
706	OSF_E163
707	OSF_E284
708	OSF_E285
709	OSF_E286
710	OSF_E289
711	OSF_E295
712	OSF_E300
713	OSF_E301
714	OSF_E302
715	OSF_E353
716	OSF_E354
717	OSF_E355
718	OSF_E384
719	OSF_E385
720	OSF_E386
721	OSF_E387
722	OSF_E388
723	RICK_EM01_A1
724	KM_NWR_DEV_EM03_A1
725	DEV_EM04_A1
726	KM_DEV_EM7_A2
727	KM_NWR_DEV_EM16_A2
728	KM_NWR_DEV_EM17_A1
729	KM_DEV_EM18_A1
730	4_MILE_BEAV01_A1
731	4_MILE_BEAV02_A2
732	OSF_E381R
733	212230
734	LJM26JUN18_1_M_EG
735	LJM26JUN18_10_F_EG
736	LJM26JUN18_3_F_EG
737	LJM26JUN18_4_M_EG
738	LJM26JUN18_5_M_EG
739	LJM26JUN18_7_F_EG
740	LJM26JUN18_8_M_EG
741	LJM26JUN18_9_F_EG
742	LJM27JUN18_1_M_EH
743	LJM27JUN18_2_M_EH
744	LJM27JUN18_3_F_EH
745	LJM27JUN18_4_F_H
746	LJM27JUN18_5_M_H
747	LJM27JUN18_6_F_H
748	LJ8AUG19_1_RAPR_M
749	LJ8AUG19_2_RAPR_F
750	LJ8AUG19_4_RAPR_F
751	222108
752	222117
753	222138
754	222149
755	222166
756	222340
757	221986
758	222014
759	222027
760	222045
761	212152
762	212027
763	212064
764	212086
765	JME29AUG_1
766	JME29AUG_10
767	JME29AUG_2
768	JME29AUG_3
769	JME29AUG_4
770	JME29AUG_5
771	JME29AUG_8
772	JME30AUG_1
773	JME30AUG_3
774	JME30AUG_4
775	JAMUP17JUL18_1
776	JAMUP17JUL18_2
777	JAMUP17JUL18_3
778	JAMUP17JUL18_4
779	JAMUP17JUL18_5
780	JAMUP18JUL18_1
781	211430
782	212341
783	OSF_E34
784	OSF_E35
785	OSF_E36
786	OSF_E38
787	OSF_E40
788	OSF_E41
789	OSF_E61
790	OSF_E62
791	OSF_E73
792	OSF_E81
793	OSF_E82
794	OSF_E164
795	OSF_E165
796	OSF_E166
797	OSF_E169
798	OSF_E170
799	OSF_E171
800	OSF_E178
801	OSF_E180
802	OSF_E304
803	OSF_E306
804	OSF_E307
805	OSF_E309
806	OSF_E310
807	OSF_E312
808	OSF_E316
809	OSF_E317
810	OSF_E389
811	OSF_E391
812	OSF_E392
813	OSF_E393
814	OSF_E395
815	OSF_E397
816	OSF_E402
817	OSF_E405
818	KM_BS_GAG_D_EM1_A1
819	BS_GAG_D_EM4_A1
820	BS_GAG_D_EM6_A1
821	CAP_SRV4_G01
822	CAP_SRV4_L01
823	CAP_NDR_Q01
824	CAP_NCP_C01
825	CAP_NCP_O03
826	CAP_SRNT_J02
827	OSF_E303R
828	CAP_BIMA_Q01R
829	USGS_212351
830	USGS_212362
831	Soxbow_1_5_25_22
832	Soxbow_2_5_26_22
833	SUNCRRAPR120Sept22
834	BP15AUG17_01
835	BP15AUG17_02
836	BP16Aug17_01
837	CN1_11SEPT18_1
838	CN1_11SEPT18_2
839	KM10SEPT19_2x
840	KM11Sept19_1
841	KM10SEPT19_1x
842	K16AUG17_02
843	K16AUG17_03
844	K16AUG17_04
845	K17AUG17_01
846	K17AUG17_02
847	SE1_11SEPT18_1
848	TW3_12SEPT18_1
849	WNG15Aug17_01
850	WNG15AUG17_02
851	WNG15AUG17_03
852	WNG15AUG17_04
853	WNG16Aug17_02
854	WNG16AUG17_1
855	W2_1_13Sept18
856	W5_1_11Sept18
857	Beaver_RAPR_11_18AUG22
858	Beaver_RAPR_12_18AUG22
859	Beaver_RAPR_13_18AUG22
860	Beaver_RAPR_14_18AUG22
861	Beaver_RAPR_16_18AUG22
862	Beaver_RAPR_9_18AUG22
863	CabinRAPR_5_17AUG22
864	UN_RAPR_7_17AUG22
865	UN_RAPR_9_17AUG22
866	MUSK_1_LF1_12JUL22
867	MUSK_2_LF1_12JUL22
868	MUSK_3_LF1_12JUL22
869	Winopee_1_12JUL22
870	USGS_210307
871	USGS_210329
872	USGS_210393
873	USGS_210408
874	USGS_210428
875	USGS_210454
876	USGS_210492
877	USGS_210511
878	USGS_210570
879	OSF_E83
880	OSF_E84
881	OSF_E87
882	OSF_E90
883	OSF_E92
884	OSF_E93
885	OSF_E95
886	OSF_E96
887	OSF_E97
888	OSF_E121
889	OSF_E122
890	OSF_E181
891	OSF_E184
892	OSF_E185
893	OSF_E188
894	OSF_E191
895	OSF_E195
896	OSF_E196
897	OSF_E197
898	OSF_E318
899	OSF_E319
900	OSF_E320
901	OSF_E340
902	OSF_E407
903	OSF_E408
904	OSF_E409
905	OSF_E410
906	OSF_E414
907	OSF_E418
908	OSF_E420
909	OSF_E422
910	OSF_E424
911	OSF_E425
912	OSF_E435
913	OSF_E440
914	CAP_SRNT_P01
915	CAP_BIMA_Z02
916	CAP_BIMA_BB02
917	CAP_LHS_E01
918	CAP_LDBO_D01
919	CAP_RDMP_F01
920	CAP_CTMO_A01
921	CAP_CTMO_C01
922	Farris_EM2_A
923	210605
924	210613
925	210652
926	212047
927	221656
928	221615
929	221855
930	221936
931	SCOT_8_10_22_RF1_1
932	SCOT_8_10_22_RF1_2
933	LDR_62_4_17_19_19
934	LDR_62_4_17_19_20
935	LDR_62_4_17_19_21
936	LDR_62_4_17_19_22
937	LDR_62_4_17_19_23
938	LDR_62_2_18_SEP_18
939	LDR_62_6_18_SEP_18
940	220308
941	220215
942	220226
943	220241
944	220281
945	SCE1AUG17_06
946	220293
947	SCE1AUG17_01
948	SCE1AUG17_04
949	SCE1AUG17_08
950	SCE3OCT17_02
951	SCE1AUG17_09
952	SCE1AUG17_29
953	SCE2AUG17_36
954	SCE3AUG17_14
955	SCE4OCT17_01
956	SCSW14AUG18_12
957	SCE4OCT17_08
958	SCE4OCT17_35
959	SCSW14AUG18_1
960	SCSW14AUG18_10
961	SCSW14AUG18_11
962	SCSW14AUG18_13
963	SCSW22MAY18_2
964	SCSW14AUG18_16
965	SCSW14AUG18_17
966	SCSW14AUG18_2
967	SCSW14AUG18_4
968	SCSW14AUG18_8
969	SCSW15AUG18_3
970	SCSW15AUG18_4
971	SCSW15AUG18_5
972	SCSW22MAY18_3
973	OSF_E124
974	OSF_E125
975	OSF_E126
976	OSF_E127
977	OSF_E130
978	OSF_E131
979	OSF_E132
980	OSF_E133
981	OSF_E134
982	OSF_E135
983	OSF_E137
984	OSF_E199
985	OSF_E202
986	OSF_E204
987	OSF_E205
988	OSF_E206
989	OSF_E207
990	OSF_E209
991	OSF_E210
992	OSF_E211
993	OSF_E212
994	OSF_E215
995	OSF_E216
996	OSF_E218
997	OSF_E219
998	OSF_E221
999	OSF_E222
1000	OSF_E223
1001	OSF_E225
1002	OSF_E226
1003	OSF_E228
1004	OSF_E229
1005	FARRIS_EM3_C
1006	FARRIS_EM4_A
1007	FARRIS_EM5_D
1008	FARRIS_EM6_D
1009	PARSLKBVPNDSITEB_1
1010	PARSLKBVPNDSITEB_5
1011	PARSLKBVPNDSITEB_6
1012	PARSLKBVPNDSITEB_9
1013	PRSLKBVPNDSITEB_13
1014	A751D_CRANE
1015	A766A_CRANE
1016	OSF_E136_R
1017	OSF_E174_R
1018	SCE2AUG17_35
1019	OSF_E98
1020	OSF_E99
1021	OSF_E100
1022	OSF_E123
1023	OSF_E361
1024	OSF_E362
1025	OSF_E363
1026	OSF_E364
1027	OSF_E224
1028	OSF_E227
1029	OSF_E230
1030	OSF_E338
1031	OSF_E339
1032	OSF_E341
1033	OSF_E342
1034	OSF_E343
1035	OSF_E433
1036	OSF_E434
1037	OSF_E436
1038	OSF_E437
1039	OSF_E438
1040	OSF_E439
1041	5APR13_CCP2_1_1_A
1042	5APR13_CCP2_1_2_A
1043	5APR13_CCP2_2_1_A
1044	5APR13_CCP2_3_1_A
1045	5APR13_CCP2_3_2_A
1046	5APR13CCP2_3_3_A
1047	18APR13NWOXI_4_1_C
1048	18APR13NWOXI_5_1_B
1049	18APR13_NWPD_1_1_B
1050	18APR13_NWPD_2_1_A
1051	18APR13_NWPD_2_2_A
1052	18APR13_NWPD_2_4_A
1053	SCSW23MAY18_4
1054	221605
1055	221592
1056	221555
1057	221543
1058	221570
1059	221333
1060	221321
1061	DP7EA02_CAP
1062	DP6_A01_CAP
1063	DP6_B01_CAP
1064	DP6_C01_CAP
1065	DP6_E01_CAP
1066	DP6_F01
1067	DP6_G01
1068	DP6_H02_CAP
1069	DP6_J01_CAP
1070	PD1E_A01_CAP
1071	PD1E_B01_CAP
1072	PD1E_C02_CAP
1073	PD1E_D01_CAP
1074	PD1E_E01_CAP
1075	18APR13_NWPD_3_1_A
1076	18APR13_NWPD_3_2_A
1077	18APR13_NWPD_3_3_A
1078	18APR13_NWPD_3_4_A
1079	18APR13NWDX2_6_1_A
1080	18APR13NWDX2_6_2_A
1081	18APR13NWDX2_6_3_A
1082	18APR13NWDX2_6_4_C
1083	18APR13NWDX2_7_1_B
1084	SCSW23MAY18_1
1085	SCSW23MAY18_3
1086	43510_CRANE
1087	CRPH2_D3_26APR12_A
1088	CRPH2_D8_26APR12_A
1089	18APR13_NWPD_2_3_B
1090	18APR13_NWPD_2_5_A
1091	221393
1092	DP6_D01_CAP
1093	DP6_I01_CAP
1094	18APR13NWDX2_7_2_A
1095	18APR13NWDX2_7_3_A
1096	KM_NWR_MC3_EM6_A1
1097	KM_MC_7_EM3_A1
1098	KM_CHOL_EM1_A1
1099	222209
1100	212274
1101	OSF_E142
1102	OSF_E238
1103	OSF_E358
1104	DEEX_B02_CAP
1105	WRH2_G02_CAP
1106	KM_NWR_MC1_EM01_A1
1107	KM_NWR_MC4_EM02_A1
1108	KM_MC_8_EM1_A1
1109	KMNWR_CHOLO_EM2_A1
1110	PRSPLKBEAVPNDST_B7
1111	OSF_E182R
1112	CAP_RDMP_D01R
