lib	unit	sample	fq1	fq2
lib01	1	210047	fastqs/lib01/210047_1.fq.gz	fastqs/lib01/210047_2.fq.gz
lib01	1	210073	fastqs/lib01/210073_1.fq.gz	fastqs/lib01/210073_2.fq.gz
lib01	1	210191	fastqs/lib01/210191_1.fq.gz	fastqs/lib01/210191_2.fq.gz
lib01	1	210235	fastqs/lib01/210235_1.fq.gz	fastqs/lib01/210235_2.fq.gz
lib01	1	221106	fastqs/lib01/221106_1.fq.gz	fastqs/lib01/221106_2.fq.gz
lib01	1	211751	fastqs/lib01/211751_1.fq.gz	fastqs/lib01/211751_2.fq.gz
lib01	1	211789	fastqs/lib01/211789_1.fq.gz	fastqs/lib01/211789_2.fq.gz
lib01	1	211776	fastqs/lib01/211776_1.fq.gz	fastqs/lib01/211776_2.fq.gz
lib01	1	OSF_E9	fastqs/lib01/OSF_E9_1.fq.gz	fastqs/lib01/OSF_E9_2.fq.gz
lib01	1	OSF_E11	fastqs/lib01/OSF_E11_1.fq.gz	fastqs/lib01/OSF_E11_2.fq.gz
lib01	1	OSF_E18	fastqs/lib01/OSF_E18_1.fq.gz	fastqs/lib01/OSF_E18_2.fq.gz
lib01	1	OSF_E19	fastqs/lib01/OSF_E19_1.fq.gz	fastqs/lib01/OSF_E19_2.fq.gz
lib01	1	OSF_E146	fastqs/lib01/OSF_E146_1.fq.gz	fastqs/lib01/OSF_E146_2.fq.gz
lib01	1	OSF_E148	fastqs/lib01/OSF_E148_1.fq.gz	fastqs/lib01/OSF_E148_2.fq.gz
lib01	1	OSF_E231	fastqs/lib01/OSF_E231_1.fq.gz	fastqs/lib01/OSF_E231_2.fq.gz
lib01	1	OSF_E233	fastqs/lib01/OSF_E233_1.fq.gz	fastqs/lib01/OSF_E233_2.fq.gz
lib01	1	OSF_E239	fastqs/lib01/OSF_E239_1.fq.gz	fastqs/lib01/OSF_E239_2.fq.gz
lib01	1	OSF_E241	fastqs/lib01/OSF_E241_1.fq.gz	fastqs/lib01/OSF_E241_2.fq.gz
lib01	1	OSF_E242	fastqs/lib01/OSF_E242_1.fq.gz	fastqs/lib01/OSF_E242_2.fq.gz
lib01	1	OSF_E381	fastqs/lib01/OSF_E381_1.fq.gz	fastqs/lib01/OSF_E381_2.fq.gz
lib01	1	OSF_ERAAU_1	fastqs/lib01/OSF_ERAAU_1_1.fq.gz	fastqs/lib01/OSF_ERAAU_1_2.fq.gz
lib01	1	RACA_S10A	fastqs/lib01/RACA_S10A_1.fq.gz	fastqs/lib01/RACA_S10A_2.fq.gz
lib01	1	DEEX_C01	fastqs/lib01/DEEX_C01_1.fq.gz	fastqs/lib01/DEEX_C01_2.fq.gz
lib01	1	WRH2_A01	fastqs/lib01/WRH2_A01_1.fq.gz	fastqs/lib01/WRH2_A01_2.fq.gz
lib01	1	WRH2_B01	fastqs/lib01/WRH2_B01_1.fq.gz	fastqs/lib01/WRH2_B01_2.fq.gz
lib01	1	WRH2_H01	fastqs/lib01/WRH2_H01_1.fq.gz	fastqs/lib01/WRH2_H01_2.fq.gz
lib01	1	WRH2_I02	fastqs/lib01/WRH2_I02_1.fq.gz	fastqs/lib01/WRH2_I02_2.fq.gz
lib01	1	WRH2_J01	fastqs/lib01/WRH2_J01_1.fq.gz	fastqs/lib01/WRH2_J01_2.fq.gz
lib01	1	KM_NWR_MC2_EM01_A1	fastqs/lib01/KM_NWR_MC2_EM01_A1_1.fq.gz	fastqs/lib01/KM_NWR_MC2_EM01_A1_2.fq.gz
lib01	1	KM_NWR_MC3_EM1_A1	fastqs/lib01/KM_NWR_MC3_EM1_A1_1.fq.gz	fastqs/lib01/KM_NWR_MC3_EM1_A1_2.fq.gz
lib01	1	KM_NWR_MC3_EM2_A1	fastqs/lib01/KM_NWR_MC3_EM2_A1_1.fq.gz	fastqs/lib01/KM_NWR_MC3_EM2_A1_2.fq.gz
lib01	1	KM_NWR_MC5_EM01_A1	fastqs/lib01/KM_NWR_MC5_EM01_A1_1.fq.gz	fastqs/lib01/KM_NWR_MC5_EM01_A1_2.fq.gz
lib01	1	KM_NWR_MC5_EM04_A1	fastqs/lib01/KM_NWR_MC5_EM04_A1_1.fq.gz	fastqs/lib01/KM_NWR_MC5_EM04_A1_2.fq.gz
lib01	1	KM_NWR_MC5_EM05_A1	fastqs/lib01/KM_NWR_MC5_EM05_A1_1.fq.gz	fastqs/lib01/KM_NWR_MC5_EM05_A1_2.fq.gz
lib01	1	KM_PEN_RD_EM2_A1	fastqs/lib01/KM_PEN_RD_EM2_A1_1.fq.gz	fastqs/lib01/KM_PEN_RD_EM2_A1_2.fq.gz
lib01	1	KM_PEN_RD_EM4_A1	fastqs/lib01/KM_PEN_RD_EM4_A1_1.fq.gz	fastqs/lib01/KM_PEN_RD_EM4_A1_2.fq.gz
lib01	1	KM_PEN_RD_EM7_A1	fastqs/lib01/KM_PEN_RD_EM7_A1_1.fq.gz	fastqs/lib01/KM_PEN_RD_EM7_A1_2.fq.gz
lib01	1	KMNWRCHOLO_EM03_A1	fastqs/lib01/KMNWRCHOLO_EM03_A1_1.fq.gz	fastqs/lib01/KMNWRCHOLO_EM03_A1_2.fq.gz
lib01	1	KMNWRCHOLO_EM04_A1	fastqs/lib01/KMNWRCHOLO_EM04_A1_1.fq.gz	fastqs/lib01/KMNWRCHOLO_EM04_A1_2.fq.gz
lib01	1	KM_CHOL_EM6_A1	fastqs/lib01/KM_CHOL_EM6_A1_1.fq.gz	fastqs/lib01/KM_CHOL_EM6_A1_2.fq.gz
lib10	1	212230	fastqs/lib10/212230_1.fq.gz	fastqs/lib10/212230_2.fq.gz
lib10	1	LJM26JUN18_1_M_EG	fastqs/lib10/LJM26JUN18_1_M_EG_1.fq.gz	fastqs/lib10/LJM26JUN18_1_M_EG_2.fq.gz
lib10	1	LJM26JUN18_10_F_EG	fastqs/lib10/LJM26JUN18_10_F_EG_1.fq.gz	fastqs/lib10/LJM26JUN18_10_F_EG_2.fq.gz
lib10	1	LJM26JUN18_3_F_EG	fastqs/lib10/LJM26JUN18_3_F_EG_1.fq.gz	fastqs/lib10/LJM26JUN18_3_F_EG_2.fq.gz
lib10	1	LJM26JUN18_4_M_EG	fastqs/lib10/LJM26JUN18_4_M_EG_1.fq.gz	fastqs/lib10/LJM26JUN18_4_M_EG_2.fq.gz
lib10	1	LJM26JUN18_5_M_EG	fastqs/lib10/LJM26JUN18_5_M_EG_1.fq.gz	fastqs/lib10/LJM26JUN18_5_M_EG_2.fq.gz
lib10	1	LJM26JUN18_7_F_EG	fastqs/lib10/LJM26JUN18_7_F_EG_1.fq.gz	fastqs/lib10/LJM26JUN18_7_F_EG_2.fq.gz
lib10	1	LJM26JUN18_8_M_EG	fastqs/lib10/LJM26JUN18_8_M_EG_1.fq.gz	fastqs/lib10/LJM26JUN18_8_M_EG_2.fq.gz
lib10	1	LJM26JUN18_9_F_EG	fastqs/lib10/LJM26JUN18_9_F_EG_1.fq.gz	fastqs/lib10/LJM26JUN18_9_F_EG_2.fq.gz
lib10	1	LJM27JUN18_1_M_EH	fastqs/lib10/LJM27JUN18_1_M_EH_1.fq.gz	fastqs/lib10/LJM27JUN18_1_M_EH_2.fq.gz
lib10	1	LJM27JUN18_2_M_EH	fastqs/lib10/LJM27JUN18_2_M_EH_1.fq.gz	fastqs/lib10/LJM27JUN18_2_M_EH_2.fq.gz
lib10	1	LJM27JUN18_3_F_EH	fastqs/lib10/LJM27JUN18_3_F_EH_1.fq.gz	fastqs/lib10/LJM27JUN18_3_F_EH_2.fq.gz
lib10	1	LJM27JUN18_4_F_H	fastqs/lib10/LJM27JUN18_4_F_H_1.fq.gz	fastqs/lib10/LJM27JUN18_4_F_H_2.fq.gz
lib10	1	LJM27JUN18_5_M_H	fastqs/lib10/LJM27JUN18_5_M_H_1.fq.gz	fastqs/lib10/LJM27JUN18_5_M_H_2.fq.gz
lib10	1	LJM27JUN18_6_F_H	fastqs/lib10/LJM27JUN18_6_F_H_1.fq.gz	fastqs/lib10/LJM27JUN18_6_F_H_2.fq.gz
lib10	1	LJ8AUG19_1_RAPR_M	fastqs/lib10/LJ8AUG19_1_RAPR_M_1.fq.gz	fastqs/lib10/LJ8AUG19_1_RAPR_M_2.fq.gz
lib10	1	LJ8AUG19_2_RAPR_F	fastqs/lib10/LJ8AUG19_2_RAPR_F_1.fq.gz	fastqs/lib10/LJ8AUG19_2_RAPR_F_2.fq.gz
lib10	1	LJ8AUG19_4_RAPR_F	fastqs/lib10/LJ8AUG19_4_RAPR_F_1.fq.gz	fastqs/lib10/LJ8AUG19_4_RAPR_F_2.fq.gz
lib10	1	222108	fastqs/lib10/222108_1.fq.gz	fastqs/lib10/222108_2.fq.gz
lib10	1	222117	fastqs/lib10/222117_1.fq.gz	fastqs/lib10/222117_2.fq.gz
lib10	1	222138	fastqs/lib10/222138_1.fq.gz	fastqs/lib10/222138_2.fq.gz
lib10	1	222149	fastqs/lib10/222149_1.fq.gz	fastqs/lib10/222149_2.fq.gz
lib10	1	222166	fastqs/lib10/222166_1.fq.gz	fastqs/lib10/222166_2.fq.gz
lib10	1	222340	fastqs/lib10/222340_1.fq.gz	fastqs/lib10/222340_2.fq.gz
lib10	1	221986	fastqs/lib10/221986_1.fq.gz	fastqs/lib10/221986_2.fq.gz
lib10	1	222014	fastqs/lib10/222014_1.fq.gz	fastqs/lib10/222014_2.fq.gz
lib10	1	222027	fastqs/lib10/222027_1.fq.gz	fastqs/lib10/222027_2.fq.gz
lib10	1	222045	fastqs/lib10/222045_1.fq.gz	fastqs/lib10/222045_2.fq.gz
lib10	1	212152	fastqs/lib10/212152_1.fq.gz	fastqs/lib10/212152_2.fq.gz
lib10	1	212027	fastqs/lib10/212027_1.fq.gz	fastqs/lib10/212027_2.fq.gz
lib10	1	212064	fastqs/lib10/212064_1.fq.gz	fastqs/lib10/212064_2.fq.gz
lib10	1	212086	fastqs/lib10/212086_1.fq.gz	fastqs/lib10/212086_2.fq.gz
lib10	1	JME29AUG_1	fastqs/lib10/JME29AUG_1_1.fq.gz	fastqs/lib10/JME29AUG_1_2.fq.gz
lib10	1	JME29AUG_10	fastqs/lib10/JME29AUG_10_1.fq.gz	fastqs/lib10/JME29AUG_10_2.fq.gz
lib10	1	JME29AUG_2	fastqs/lib10/JME29AUG_2_1.fq.gz	fastqs/lib10/JME29AUG_2_2.fq.gz
lib10	1	JME29AUG_3	fastqs/lib10/JME29AUG_3_1.fq.gz	fastqs/lib10/JME29AUG_3_2.fq.gz
lib10	1	JME29AUG_4	fastqs/lib10/JME29AUG_4_1.fq.gz	fastqs/lib10/JME29AUG_4_2.fq.gz
lib10	1	JME29AUG_5	fastqs/lib10/JME29AUG_5_1.fq.gz	fastqs/lib10/JME29AUG_5_2.fq.gz
lib10	1	JME29AUG_8	fastqs/lib10/JME29AUG_8_1.fq.gz	fastqs/lib10/JME29AUG_8_2.fq.gz
lib10	1	JME30AUG_1	fastqs/lib10/JME30AUG_1_1.fq.gz	fastqs/lib10/JME30AUG_1_2.fq.gz
lib10	1	JME30AUG_3	fastqs/lib10/JME30AUG_3_1.fq.gz	fastqs/lib10/JME30AUG_3_2.fq.gz
lib10	1	JME30AUG_4	fastqs/lib10/JME30AUG_4_1.fq.gz	fastqs/lib10/JME30AUG_4_2.fq.gz
lib10	1	JAMUP17JUL18_1	fastqs/lib10/JAMUP17JUL18_1_1.fq.gz	fastqs/lib10/JAMUP17JUL18_1_2.fq.gz
lib10	1	JAMUP17JUL18_2	fastqs/lib10/JAMUP17JUL18_2_1.fq.gz	fastqs/lib10/JAMUP17JUL18_2_2.fq.gz
lib10	1	JAMUP17JUL18_3	fastqs/lib10/JAMUP17JUL18_3_1.fq.gz	fastqs/lib10/JAMUP17JUL18_3_2.fq.gz
lib10	1	JAMUP17JUL18_4	fastqs/lib10/JAMUP17JUL18_4_1.fq.gz	fastqs/lib10/JAMUP17JUL18_4_2.fq.gz
lib10	1	JAMUP17JUL18_5	fastqs/lib10/JAMUP17JUL18_5_1.fq.gz	fastqs/lib10/JAMUP17JUL18_5_2.fq.gz
lib10	1	JAMUP18JUL18_1	fastqs/lib10/JAMUP18JUL18_1_1.fq.gz	fastqs/lib10/JAMUP18JUL18_1_2.fq.gz
lib10	1	211430	fastqs/lib10/211430_1.fq.gz	fastqs/lib10/211430_2.fq.gz
lib10	1	212341	fastqs/lib10/212341_1.fq.gz	fastqs/lib10/212341_2.fq.gz
lib10	1	OSF_E34	fastqs/lib10/OSF_E34_1.fq.gz	fastqs/lib10/OSF_E34_2.fq.gz
lib10	1	OSF_E35	fastqs/lib10/OSF_E35_1.fq.gz	fastqs/lib10/OSF_E35_2.fq.gz
lib10	1	OSF_E36	fastqs/lib10/OSF_E36_1.fq.gz	fastqs/lib10/OSF_E36_2.fq.gz
lib10	1	OSF_E38	fastqs/lib10/OSF_E38_1.fq.gz	fastqs/lib10/OSF_E38_2.fq.gz
lib10	1	OSF_E40	fastqs/lib10/OSF_E40_1.fq.gz	fastqs/lib10/OSF_E40_2.fq.gz
lib10	1	OSF_E41	fastqs/lib10/OSF_E41_1.fq.gz	fastqs/lib10/OSF_E41_2.fq.gz
lib10	1	OSF_E61	fastqs/lib10/OSF_E61_1.fq.gz	fastqs/lib10/OSF_E61_2.fq.gz
lib10	1	OSF_E62	fastqs/lib10/OSF_E62_1.fq.gz	fastqs/lib10/OSF_E62_2.fq.gz
lib10	1	OSF_E73	fastqs/lib10/OSF_E73_1.fq.gz	fastqs/lib10/OSF_E73_2.fq.gz
lib10	1	OSF_E81	fastqs/lib10/OSF_E81_1.fq.gz	fastqs/lib10/OSF_E81_2.fq.gz
lib10	1	OSF_E82	fastqs/lib10/OSF_E82_1.fq.gz	fastqs/lib10/OSF_E82_2.fq.gz
lib10	1	OSF_E164	fastqs/lib10/OSF_E164_1.fq.gz	fastqs/lib10/OSF_E164_2.fq.gz
lib10	1	OSF_E165	fastqs/lib10/OSF_E165_1.fq.gz	fastqs/lib10/OSF_E165_2.fq.gz
lib10	1	OSF_E166	fastqs/lib10/OSF_E166_1.fq.gz	fastqs/lib10/OSF_E166_2.fq.gz
lib10	1	OSF_E169	fastqs/lib10/OSF_E169_1.fq.gz	fastqs/lib10/OSF_E169_2.fq.gz
lib10	1	OSF_E170	fastqs/lib10/OSF_E170_1.fq.gz	fastqs/lib10/OSF_E170_2.fq.gz
lib10	1	OSF_E171	fastqs/lib10/OSF_E171_1.fq.gz	fastqs/lib10/OSF_E171_2.fq.gz
lib10	1	OSF_E178	fastqs/lib10/OSF_E178_1.fq.gz	fastqs/lib10/OSF_E178_2.fq.gz
lib10	1	OSF_E180	fastqs/lib10/OSF_E180_1.fq.gz	fastqs/lib10/OSF_E180_2.fq.gz
lib10	1	OSF_E304	fastqs/lib10/OSF_E304_1.fq.gz	fastqs/lib10/OSF_E304_2.fq.gz
lib10	1	OSF_E306	fastqs/lib10/OSF_E306_1.fq.gz	fastqs/lib10/OSF_E306_2.fq.gz
lib10	1	OSF_E307	fastqs/lib10/OSF_E307_1.fq.gz	fastqs/lib10/OSF_E307_2.fq.gz
lib10	1	OSF_E309	fastqs/lib10/OSF_E309_1.fq.gz	fastqs/lib10/OSF_E309_2.fq.gz
lib10	1	OSF_E310	fastqs/lib10/OSF_E310_1.fq.gz	fastqs/lib10/OSF_E310_2.fq.gz
lib10	1	OSF_E312	fastqs/lib10/OSF_E312_1.fq.gz	fastqs/lib10/OSF_E312_2.fq.gz
lib10	1	OSF_E316	fastqs/lib10/OSF_E316_1.fq.gz	fastqs/lib10/OSF_E316_2.fq.gz
lib10	1	OSF_E317	fastqs/lib10/OSF_E317_1.fq.gz	fastqs/lib10/OSF_E317_2.fq.gz
lib10	1	OSF_E389	fastqs/lib10/OSF_E389_1.fq.gz	fastqs/lib10/OSF_E389_2.fq.gz
lib10	1	OSF_E391	fastqs/lib10/OSF_E391_1.fq.gz	fastqs/lib10/OSF_E391_2.fq.gz
lib10	1	OSF_E392	fastqs/lib10/OSF_E392_1.fq.gz	fastqs/lib10/OSF_E392_2.fq.gz
lib10	1	OSF_E393	fastqs/lib10/OSF_E393_1.fq.gz	fastqs/lib10/OSF_E393_2.fq.gz
lib10	1	OSF_E395	fastqs/lib10/OSF_E395_1.fq.gz	fastqs/lib10/OSF_E395_2.fq.gz
lib10	1	OSF_E397	fastqs/lib10/OSF_E397_1.fq.gz	fastqs/lib10/OSF_E397_2.fq.gz
lib10	1	OSF_E402	fastqs/lib10/OSF_E402_1.fq.gz	fastqs/lib10/OSF_E402_2.fq.gz
lib10	1	OSF_E405	fastqs/lib10/OSF_E405_1.fq.gz	fastqs/lib10/OSF_E405_2.fq.gz
lib10	1	KM_BS_GAG_D_EM1_A1	fastqs/lib10/KM_BS_GAG_D_EM1_A1_1.fq.gz	fastqs/lib10/KM_BS_GAG_D_EM1_A1_2.fq.gz
lib10	1	BS_GAG_D_EM4_A1	fastqs/lib10/BS_GAG_D_EM4_A1_1.fq.gz	fastqs/lib10/BS_GAG_D_EM4_A1_2.fq.gz
lib10	1	BS_GAG_D_EM6_A1	fastqs/lib10/BS_GAG_D_EM6_A1_1.fq.gz	fastqs/lib10/BS_GAG_D_EM6_A1_2.fq.gz
lib10	1	CAP_SRV4_G01	fastqs/lib10/CAP_SRV4_G01_1.fq.gz	fastqs/lib10/CAP_SRV4_G01_2.fq.gz
lib10	1	CAP_SRV4_L01	fastqs/lib10/CAP_SRV4_L01_1.fq.gz	fastqs/lib10/CAP_SRV4_L01_2.fq.gz
lib10	1	CAP_NDR_Q01	fastqs/lib10/CAP_NDR_Q01_1.fq.gz	fastqs/lib10/CAP_NDR_Q01_2.fq.gz
lib10	1	CAP_NCP_C01	fastqs/lib10/CAP_NCP_C01_1.fq.gz	fastqs/lib10/CAP_NCP_C01_2.fq.gz
lib10	1	CAP_NCP_O03	fastqs/lib10/CAP_NCP_O03_1.fq.gz	fastqs/lib10/CAP_NCP_O03_2.fq.gz
lib10	1	CAP_SRNT_J02	fastqs/lib10/CAP_SRNT_J02_1.fq.gz	fastqs/lib10/CAP_SRNT_J02_2.fq.gz
lib10	2	OSF_E270R	fastqs/lib10/OSF_E270R_1.fq.gz	fastqs/lib10/OSF_E270R_2.fq.gz
lib10	2	OSF_E303R	fastqs/lib10/OSF_E303R_1.fq.gz	fastqs/lib10/OSF_E303R_2.fq.gz
lib10	2	OSF_E389R	fastqs/lib10/OSF_E389R_1.fq.gz	fastqs/lib10/OSF_E389R_2.fq.gz
lib10	2	CAP_BIMA_Q01R	fastqs/lib10/CAP_BIMA_Q01R_1.fq.gz	fastqs/lib10/CAP_BIMA_Q01R_2.fq.gz
lib11	1	USGS_212351	fastqs/lib11/USGS_212351_1.fq.gz	fastqs/lib11/USGS_212351_2.fq.gz
lib11	1	USGS_212362	fastqs/lib11/USGS_212362_1.fq.gz	fastqs/lib11/USGS_212362_2.fq.gz
lib11	1	Soxbow_1_5_25_22	fastqs/lib11/Soxbow_1_5_25_22_1.fq.gz	fastqs/lib11/Soxbow_1_5_25_22_2.fq.gz
lib11	1	Soxbow_2_5_26_22	fastqs/lib11/Soxbow_2_5_26_22_1.fq.gz	fastqs/lib11/Soxbow_2_5_26_22_2.fq.gz
lib11	1	SUNCRRAPR120Sept22	fastqs/lib11/SUNCRRAPR120Sept22_1.fq.gz	fastqs/lib11/SUNCRRAPR120Sept22_2.fq.gz
lib11	1	BP15AUG17_01	fastqs/lib11/BP15AUG17_01_1.fq.gz	fastqs/lib11/BP15AUG17_01_2.fq.gz
lib11	1	BP15AUG17_02	fastqs/lib11/BP15AUG17_02_1.fq.gz	fastqs/lib11/BP15AUG17_02_2.fq.gz
lib11	1	BP16Aug17_01	fastqs/lib11/BP16Aug17_01_1.fq.gz	fastqs/lib11/BP16Aug17_01_2.fq.gz
lib11	1	CN1_11SEPT18_1	fastqs/lib11/CN1_11SEPT18_1_1.fq.gz	fastqs/lib11/CN1_11SEPT18_1_2.fq.gz
lib11	1	CN1_11SEPT18_2	fastqs/lib11/CN1_11SEPT18_2_1.fq.gz	fastqs/lib11/CN1_11SEPT18_2_2.fq.gz
lib11	1	KM10SEPT19_2x	fastqs/lib11/KM10SEPT19_2x_1.fq.gz	fastqs/lib11/KM10SEPT19_2x_2.fq.gz
lib11	1	KM11Sept19_1	fastqs/lib11/KM11Sept19_1_1.fq.gz	fastqs/lib11/KM11Sept19_1_2.fq.gz
lib11	1	KM10SEPT19_1x	fastqs/lib11/KM10SEPT19_1x_1.fq.gz	fastqs/lib11/KM10SEPT19_1x_2.fq.gz
lib11	1	K16AUG17_02	fastqs/lib11/K16AUG17_02_1.fq.gz	fastqs/lib11/K16AUG17_02_2.fq.gz
lib11	1	K16AUG17_03	fastqs/lib11/K16AUG17_03_1.fq.gz	fastqs/lib11/K16AUG17_03_2.fq.gz
lib11	1	K16AUG17_04	fastqs/lib11/K16AUG17_04_1.fq.gz	fastqs/lib11/K16AUG17_04_2.fq.gz
lib11	1	K17AUG17_01	fastqs/lib11/K17AUG17_01_1.fq.gz	fastqs/lib11/K17AUG17_01_2.fq.gz
lib11	1	K17AUG17_02	fastqs/lib11/K17AUG17_02_1.fq.gz	fastqs/lib11/K17AUG17_02_2.fq.gz
lib11	1	SE1_11SEPT18_1	fastqs/lib11/SE1_11SEPT18_1_1.fq.gz	fastqs/lib11/SE1_11SEPT18_1_2.fq.gz
lib11	1	TW3_12SEPT18_1	fastqs/lib11/TW3_12SEPT18_1_1.fq.gz	fastqs/lib11/TW3_12SEPT18_1_2.fq.gz
lib11	1	WNG15Aug17_01	fastqs/lib11/WNG15Aug17_01_1.fq.gz	fastqs/lib11/WNG15Aug17_01_2.fq.gz
lib11	1	WNG15AUG17_02	fastqs/lib11/WNG15AUG17_02_1.fq.gz	fastqs/lib11/WNG15AUG17_02_2.fq.gz
lib11	1	WNG15AUG17_03	fastqs/lib11/WNG15AUG17_03_1.fq.gz	fastqs/lib11/WNG15AUG17_03_2.fq.gz
lib11	1	WNG15AUG17_04	fastqs/lib11/WNG15AUG17_04_1.fq.gz	fastqs/lib11/WNG15AUG17_04_2.fq.gz
lib11	1	WNG16Aug17_02	fastqs/lib11/WNG16Aug17_02_1.fq.gz	fastqs/lib11/WNG16Aug17_02_2.fq.gz
lib11	1	WNG16AUG17_1	fastqs/lib11/WNG16AUG17_1_1.fq.gz	fastqs/lib11/WNG16AUG17_1_2.fq.gz
lib11	1	W2_1_13Sept18	fastqs/lib11/W2_1_13Sept18_1.fq.gz	fastqs/lib11/W2_1_13Sept18_2.fq.gz
lib11	1	W5_1_11Sept18	fastqs/lib11/W5_1_11Sept18_1.fq.gz	fastqs/lib11/W5_1_11Sept18_2.fq.gz
lib11	1	Beaver_RAPR_11_18AUG22	fastqs/lib11/Beaver_RAPR_11_18AUG22_1.fq.gz	fastqs/lib11/Beaver_RAPR_11_18AUG22_2.fq.gz
lib11	1	Beaver_RAPR_12_18AUG22	fastqs/lib11/Beaver_RAPR_12_18AUG22_1.fq.gz	fastqs/lib11/Beaver_RAPR_12_18AUG22_2.fq.gz
lib11	1	Beaver_RAPR_13_18AUG22	fastqs/lib11/Beaver_RAPR_13_18AUG22_1.fq.gz	fastqs/lib11/Beaver_RAPR_13_18AUG22_2.fq.gz
lib11	1	Beaver_RAPR_14_18AUG22	fastqs/lib11/Beaver_RAPR_14_18AUG22_1.fq.gz	fastqs/lib11/Beaver_RAPR_14_18AUG22_2.fq.gz
lib11	1	Beaver_RAPR_16_18AUG22	fastqs/lib11/Beaver_RAPR_16_18AUG22_1.fq.gz	fastqs/lib11/Beaver_RAPR_16_18AUG22_2.fq.gz
lib11	1	Beaver_RAPR_9_18AUG22	fastqs/lib11/Beaver_RAPR_9_18AUG22_1.fq.gz	fastqs/lib11/Beaver_RAPR_9_18AUG22_2.fq.gz
lib11	1	CabinRAPR_5_17AUG22	fastqs/lib11/CabinRAPR_5_17AUG22_1.fq.gz	fastqs/lib11/CabinRAPR_5_17AUG22_2.fq.gz
lib11	1	UN_RAPR_7_17AUG22	fastqs/lib11/UN_RAPR_7_17AUG22_1.fq.gz	fastqs/lib11/UN_RAPR_7_17AUG22_2.fq.gz
lib11	1	UN_RAPR_9_17AUG22	fastqs/lib11/UN_RAPR_9_17AUG22_1.fq.gz	fastqs/lib11/UN_RAPR_9_17AUG22_2.fq.gz
lib11	1	MUSK_1_LF1_12JUL22	fastqs/lib11/MUSK_1_LF1_12JUL22_1.fq.gz	fastqs/lib11/MUSK_1_LF1_12JUL22_2.fq.gz
lib11	1	MUSK_2_LF1_12JUL22	fastqs/lib11/MUSK_2_LF1_12JUL22_1.fq.gz	fastqs/lib11/MUSK_2_LF1_12JUL22_2.fq.gz
lib11	1	MUSK_3_LF1_12JUL22	fastqs/lib11/MUSK_3_LF1_12JUL22_1.fq.gz	fastqs/lib11/MUSK_3_LF1_12JUL22_2.fq.gz
lib11	1	Winopee_1_12JUL22	fastqs/lib11/Winopee_1_12JUL22_1.fq.gz	fastqs/lib11/Winopee_1_12JUL22_2.fq.gz
lib11	1	USGS_210307	fastqs/lib11/USGS_210307_1.fq.gz	fastqs/lib11/USGS_210307_2.fq.gz
lib11	1	USGS_210329	fastqs/lib11/USGS_210329_1.fq.gz	fastqs/lib11/USGS_210329_2.fq.gz
lib11	1	USGS_210393	fastqs/lib11/USGS_210393_1.fq.gz	fastqs/lib11/USGS_210393_2.fq.gz
lib11	1	USGS_210408	fastqs/lib11/USGS_210408_1.fq.gz	fastqs/lib11/USGS_210408_2.fq.gz
lib11	1	USGS_210428	fastqs/lib11/USGS_210428_1.fq.gz	fastqs/lib11/USGS_210428_2.fq.gz
lib11	1	USGS_210454	fastqs/lib11/USGS_210454_1.fq.gz	fastqs/lib11/USGS_210454_2.fq.gz
lib11	1	USGS_210492	fastqs/lib11/USGS_210492_1.fq.gz	fastqs/lib11/USGS_210492_2.fq.gz
lib11	1	USGS_210511	fastqs/lib11/USGS_210511_1.fq.gz	fastqs/lib11/USGS_210511_2.fq.gz
lib11	1	USGS_210570	fastqs/lib11/USGS_210570_1.fq.gz	fastqs/lib11/USGS_210570_2.fq.gz
lib11	1	OSF_E83	fastqs/lib11/OSF_E83_1.fq.gz	fastqs/lib11/OSF_E83_2.fq.gz
lib11	1	OSF_E84	fastqs/lib11/OSF_E84_1.fq.gz	fastqs/lib11/OSF_E84_2.fq.gz
lib11	1	OSF_E87	fastqs/lib11/OSF_E87_1.fq.gz	fastqs/lib11/OSF_E87_2.fq.gz
lib11	1	OSF_E90	fastqs/lib11/OSF_E90_1.fq.gz	fastqs/lib11/OSF_E90_2.fq.gz
lib11	1	OSF_E92	fastqs/lib11/OSF_E92_1.fq.gz	fastqs/lib11/OSF_E92_2.fq.gz
lib11	1	OSF_E93	fastqs/lib11/OSF_E93_1.fq.gz	fastqs/lib11/OSF_E93_2.fq.gz
lib11	1	OSF_E95	fastqs/lib11/OSF_E95_1.fq.gz	fastqs/lib11/OSF_E95_2.fq.gz
lib11	1	OSF_E96	fastqs/lib11/OSF_E96_1.fq.gz	fastqs/lib11/OSF_E96_2.fq.gz
lib11	1	OSF_E97	fastqs/lib11/OSF_E97_1.fq.gz	fastqs/lib11/OSF_E97_2.fq.gz
lib11	1	OSF_E121	fastqs/lib11/OSF_E121_1.fq.gz	fastqs/lib11/OSF_E121_2.fq.gz
lib11	1	OSF_E122	fastqs/lib11/OSF_E122_1.fq.gz	fastqs/lib11/OSF_E122_2.fq.gz
lib11	1	OSF_E181	fastqs/lib11/OSF_E181_1.fq.gz	fastqs/lib11/OSF_E181_2.fq.gz
lib11	1	OSF_E184	fastqs/lib11/OSF_E184_1.fq.gz	fastqs/lib11/OSF_E184_2.fq.gz
lib11	1	OSF_E185	fastqs/lib11/OSF_E185_1.fq.gz	fastqs/lib11/OSF_E185_2.fq.gz
lib11	1	OSF_E188	fastqs/lib11/OSF_E188_1.fq.gz	fastqs/lib11/OSF_E188_2.fq.gz
lib11	1	OSF_E191	fastqs/lib11/OSF_E191_1.fq.gz	fastqs/lib11/OSF_E191_2.fq.gz
lib11	1	OSF_E195	fastqs/lib11/OSF_E195_1.fq.gz	fastqs/lib11/OSF_E195_2.fq.gz
lib11	1	OSF_E196	fastqs/lib11/OSF_E196_1.fq.gz	fastqs/lib11/OSF_E196_2.fq.gz
lib11	1	OSF_E197	fastqs/lib11/OSF_E197_1.fq.gz	fastqs/lib11/OSF_E197_2.fq.gz
lib11	1	OSF_E318	fastqs/lib11/OSF_E318_1.fq.gz	fastqs/lib11/OSF_E318_2.fq.gz
lib11	1	OSF_E319	fastqs/lib11/OSF_E319_1.fq.gz	fastqs/lib11/OSF_E319_2.fq.gz
lib11	1	OSF_E320	fastqs/lib11/OSF_E320_1.fq.gz	fastqs/lib11/OSF_E320_2.fq.gz
lib11	1	OSF_E340	fastqs/lib11/OSF_E340_1.fq.gz	fastqs/lib11/OSF_E340_2.fq.gz
lib11	1	OSF_E407	fastqs/lib11/OSF_E407_1.fq.gz	fastqs/lib11/OSF_E407_2.fq.gz
lib11	1	OSF_E408	fastqs/lib11/OSF_E408_1.fq.gz	fastqs/lib11/OSF_E408_2.fq.gz
lib11	1	OSF_E409	fastqs/lib11/OSF_E409_1.fq.gz	fastqs/lib11/OSF_E409_2.fq.gz
lib11	1	OSF_E410	fastqs/lib11/OSF_E410_1.fq.gz	fastqs/lib11/OSF_E410_2.fq.gz
lib11	1	OSF_E414	fastqs/lib11/OSF_E414_1.fq.gz	fastqs/lib11/OSF_E414_2.fq.gz
lib11	1	OSF_E418	fastqs/lib11/OSF_E418_1.fq.gz	fastqs/lib11/OSF_E418_2.fq.gz
lib11	1	OSF_E420	fastqs/lib11/OSF_E420_1.fq.gz	fastqs/lib11/OSF_E420_2.fq.gz
lib11	1	OSF_E422	fastqs/lib11/OSF_E422_1.fq.gz	fastqs/lib11/OSF_E422_2.fq.gz
lib11	1	OSF_E424	fastqs/lib11/OSF_E424_1.fq.gz	fastqs/lib11/OSF_E424_2.fq.gz
lib11	1	OSF_E425	fastqs/lib11/OSF_E425_1.fq.gz	fastqs/lib11/OSF_E425_2.fq.gz
lib11	1	OSF_E435	fastqs/lib11/OSF_E435_1.fq.gz	fastqs/lib11/OSF_E435_2.fq.gz
lib11	1	OSF_E440	fastqs/lib11/OSF_E440_1.fq.gz	fastqs/lib11/OSF_E440_2.fq.gz
lib11	1	CAP_SRNT_P01	fastqs/lib11/CAP_SRNT_P01_1.fq.gz	fastqs/lib11/CAP_SRNT_P01_2.fq.gz
lib11	1	CAP_BIMA_Z02	fastqs/lib11/CAP_BIMA_Z02_1.fq.gz	fastqs/lib11/CAP_BIMA_Z02_2.fq.gz
lib11	1	CAP_BIMA_BB02	fastqs/lib11/CAP_BIMA_BB02_1.fq.gz	fastqs/lib11/CAP_BIMA_BB02_2.fq.gz
lib11	1	CAP_LHS_E01	fastqs/lib11/CAP_LHS_E01_1.fq.gz	fastqs/lib11/CAP_LHS_E01_2.fq.gz
lib11	1	CAP_LDBO_D01	fastqs/lib11/CAP_LDBO_D01_1.fq.gz	fastqs/lib11/CAP_LDBO_D01_2.fq.gz
lib11	1	CAP_RDMP_F01	fastqs/lib11/CAP_RDMP_F01_1.fq.gz	fastqs/lib11/CAP_RDMP_F01_2.fq.gz
lib11	1	CAP_CTMO_A01	fastqs/lib11/CAP_CTMO_A01_1.fq.gz	fastqs/lib11/CAP_CTMO_A01_2.fq.gz
lib11	1	CAP_CTMO_C01	fastqs/lib11/CAP_CTMO_C01_1.fq.gz	fastqs/lib11/CAP_CTMO_C01_2.fq.gz
lib11	1	Farris_EM2_A	fastqs/lib11/Farris_EM2_A_1.fq.gz	fastqs/lib11/Farris_EM2_A_2.fq.gz
lib11	2	Crane_3293Ar	fastqs/lib11/Crane_3293Ar_1.fq.gz	fastqs/lib11/Crane_3293Ar_2.fq.gz
lib11	2	OSF_E352r	fastqs/lib11/OSF_E352r_1.fq.gz	fastqs/lib11/OSF_E352r_2.fq.gz
lib11	2	OSF_E95r	fastqs/lib11/OSF_E95r_1.fq.gz	fastqs/lib11/OSF_E95r_2.fq.gz
lib11	2	KM_CHOL_EM6_A1r	fastqs/lib11/KM_CHOL_EM6_A1r_1.fq.gz	fastqs/lib11/KM_CHOL_EM6_A1r_2.fq.gz
lib12	1	210605	fastqs/lib12/210605_1.fq.gz	fastqs/lib12/210605_2.fq.gz
lib12	1	210613	fastqs/lib12/210613_1.fq.gz	fastqs/lib12/210613_2.fq.gz
lib12	1	210652	fastqs/lib12/210652_1.fq.gz	fastqs/lib12/210652_2.fq.gz
lib12	1	212047	fastqs/lib12/212047_1.fq.gz	fastqs/lib12/212047_2.fq.gz
lib12	1	221656	fastqs/lib12/221656_1.fq.gz	fastqs/lib12/221656_2.fq.gz
lib12	1	221615	fastqs/lib12/221615_1.fq.gz	fastqs/lib12/221615_2.fq.gz
lib12	1	221855	fastqs/lib12/221855_1.fq.gz	fastqs/lib12/221855_2.fq.gz
lib12	1	221936	fastqs/lib12/221936_1.fq.gz	fastqs/lib12/221936_2.fq.gz
lib12	1	SCOT_8_10_22_RF1_1	fastqs/lib12/SCOT_8_10_22_RF1_1_1.fq.gz	fastqs/lib12/SCOT_8_10_22_RF1_1_2.fq.gz
lib12	1	SCOT_8_10_22_RF1_2	fastqs/lib12/SCOT_8_10_22_RF1_2_1.fq.gz	fastqs/lib12/SCOT_8_10_22_RF1_2_2.fq.gz
lib12	1	LDR_62_4_17_19_19	fastqs/lib12/LDR_62_4_17_19_19_1.fq.gz	fastqs/lib12/LDR_62_4_17_19_19_2.fq.gz
lib12	1	LDR_62_4_17_19_20	fastqs/lib12/LDR_62_4_17_19_20_1.fq.gz	fastqs/lib12/LDR_62_4_17_19_20_2.fq.gz
lib12	1	LDR_62_4_17_19_21	fastqs/lib12/LDR_62_4_17_19_21_1.fq.gz	fastqs/lib12/LDR_62_4_17_19_21_2.fq.gz
lib12	1	LDR_62_4_17_19_22	fastqs/lib12/LDR_62_4_17_19_22_1.fq.gz	fastqs/lib12/LDR_62_4_17_19_22_2.fq.gz
lib12	1	LDR_62_4_17_19_23	fastqs/lib12/LDR_62_4_17_19_23_1.fq.gz	fastqs/lib12/LDR_62_4_17_19_23_2.fq.gz
lib12	1	LDR_62_2_18_SEP_18	fastqs/lib12/LDR_62_2_18_SEP_18_1.fq.gz	fastqs/lib12/LDR_62_2_18_SEP_18_2.fq.gz
lib12	1	LDR_62_6_18_SEP_18	fastqs/lib12/LDR_62_6_18_SEP_18_1.fq.gz	fastqs/lib12/LDR_62_6_18_SEP_18_2.fq.gz
lib12	1	220308	fastqs/lib12/220308_1.fq.gz	fastqs/lib12/220308_2.fq.gz
lib12	1	220215	fastqs/lib12/220215_1.fq.gz	fastqs/lib12/220215_2.fq.gz
lib12	1	220226	fastqs/lib12/220226_1.fq.gz	fastqs/lib12/220226_2.fq.gz
lib12	1	220241	fastqs/lib12/220241_1.fq.gz	fastqs/lib12/220241_2.fq.gz
lib12	1	220281	fastqs/lib12/220281_1.fq.gz	fastqs/lib12/220281_2.fq.gz
lib12	1	SCE1AUG17_06	fastqs/lib12/SCE1AUG17_06_1.fq.gz	fastqs/lib12/SCE1AUG17_06_2.fq.gz
lib12	1	220293	fastqs/lib12/220293_1.fq.gz	fastqs/lib12/220293_2.fq.gz
lib12	1	SCE1AUG17_01	fastqs/lib12/SCE1AUG17_01_1.fq.gz	fastqs/lib12/SCE1AUG17_01_2.fq.gz
lib12	1	SCE1AUG17_04	fastqs/lib12/SCE1AUG17_04_1.fq.gz	fastqs/lib12/SCE1AUG17_04_2.fq.gz
lib12	1	SCE1AUG17_08	fastqs/lib12/SCE1AUG17_08_1.fq.gz	fastqs/lib12/SCE1AUG17_08_2.fq.gz
lib12	1	SCE3OCT17_02	fastqs/lib12/SCE3OCT17_02_1.fq.gz	fastqs/lib12/SCE3OCT17_02_2.fq.gz
lib12	1	SCE1AUG17_09	fastqs/lib12/SCE1AUG17_09_1.fq.gz	fastqs/lib12/SCE1AUG17_09_2.fq.gz
lib12	1	SCE1AUG17_29	fastqs/lib12/SCE1AUG17_29_1.fq.gz	fastqs/lib12/SCE1AUG17_29_2.fq.gz
lib12	1	SCE2AUG17_36	fastqs/lib12/SCE2AUG17_36_1.fq.gz	fastqs/lib12/SCE2AUG17_36_2.fq.gz
lib12	1	SCE3AUG17_14	fastqs/lib12/SCE3AUG17_14_1.fq.gz	fastqs/lib12/SCE3AUG17_14_2.fq.gz
lib12	1	SCE4OCT17_01	fastqs/lib12/SCE4OCT17_01_1.fq.gz	fastqs/lib12/SCE4OCT17_01_2.fq.gz
lib12	1	SCSW14AUG18_12	fastqs/lib12/SCSW14AUG18_12_1.fq.gz	fastqs/lib12/SCSW14AUG18_12_2.fq.gz
lib12	1	SCE4OCT17_08	fastqs/lib12/SCE4OCT17_08_1.fq.gz	fastqs/lib12/SCE4OCT17_08_2.fq.gz
lib12	1	SCE4OCT17_35	fastqs/lib12/SCE4OCT17_35_1.fq.gz	fastqs/lib12/SCE4OCT17_35_2.fq.gz
lib12	1	SCSW14AUG18_1	fastqs/lib12/SCSW14AUG18_1_1.fq.gz	fastqs/lib12/SCSW14AUG18_1_2.fq.gz
lib12	1	SCSW14AUG18_10	fastqs/lib12/SCSW14AUG18_10_1.fq.gz	fastqs/lib12/SCSW14AUG18_10_2.fq.gz
lib12	1	SCSW14AUG18_11	fastqs/lib12/SCSW14AUG18_11_1.fq.gz	fastqs/lib12/SCSW14AUG18_11_2.fq.gz
lib12	1	SCSW14AUG18_13	fastqs/lib12/SCSW14AUG18_13_1.fq.gz	fastqs/lib12/SCSW14AUG18_13_2.fq.gz
lib12	1	SCSW22MAY18_2	fastqs/lib12/SCSW22MAY18_2_1.fq.gz	fastqs/lib12/SCSW22MAY18_2_2.fq.gz
lib12	1	SCSW14AUG18_16	fastqs/lib12/SCSW14AUG18_16_1.fq.gz	fastqs/lib12/SCSW14AUG18_16_2.fq.gz
lib12	1	SCSW14AUG18_17	fastqs/lib12/SCSW14AUG18_17_1.fq.gz	fastqs/lib12/SCSW14AUG18_17_2.fq.gz
lib12	1	SCSW14AUG18_2	fastqs/lib12/SCSW14AUG18_2_1.fq.gz	fastqs/lib12/SCSW14AUG18_2_2.fq.gz
lib12	1	SCSW14AUG18_4	fastqs/lib12/SCSW14AUG18_4_1.fq.gz	fastqs/lib12/SCSW14AUG18_4_2.fq.gz
lib12	1	SCSW14AUG18_8	fastqs/lib12/SCSW14AUG18_8_1.fq.gz	fastqs/lib12/SCSW14AUG18_8_2.fq.gz
lib12	1	SCSW15AUG18_3	fastqs/lib12/SCSW15AUG18_3_1.fq.gz	fastqs/lib12/SCSW15AUG18_3_2.fq.gz
lib12	1	SCSW15AUG18_4	fastqs/lib12/SCSW15AUG18_4_1.fq.gz	fastqs/lib12/SCSW15AUG18_4_2.fq.gz
lib12	1	SCSW15AUG18_5	fastqs/lib12/SCSW15AUG18_5_1.fq.gz	fastqs/lib12/SCSW15AUG18_5_2.fq.gz
lib12	1	SCSW22MAY18_3	fastqs/lib12/SCSW22MAY18_3_1.fq.gz	fastqs/lib12/SCSW22MAY18_3_2.fq.gz
lib12	1	OSF_E124	fastqs/lib12/OSF_E124_1.fq.gz	fastqs/lib12/OSF_E124_2.fq.gz
lib12	1	OSF_E125	fastqs/lib12/OSF_E125_1.fq.gz	fastqs/lib12/OSF_E125_2.fq.gz
lib12	1	OSF_E126	fastqs/lib12/OSF_E126_1.fq.gz	fastqs/lib12/OSF_E126_2.fq.gz
lib12	1	OSF_E127	fastqs/lib12/OSF_E127_1.fq.gz	fastqs/lib12/OSF_E127_2.fq.gz
lib12	1	OSF_E130	fastqs/lib12/OSF_E130_1.fq.gz	fastqs/lib12/OSF_E130_2.fq.gz
lib12	1	OSF_E131	fastqs/lib12/OSF_E131_1.fq.gz	fastqs/lib12/OSF_E131_2.fq.gz
lib12	1	OSF_E132	fastqs/lib12/OSF_E132_1.fq.gz	fastqs/lib12/OSF_E132_2.fq.gz
lib12	1	OSF_E133	fastqs/lib12/OSF_E133_1.fq.gz	fastqs/lib12/OSF_E133_2.fq.gz
lib12	1	OSF_E134	fastqs/lib12/OSF_E134_1.fq.gz	fastqs/lib12/OSF_E134_2.fq.gz
lib12	1	OSF_E135	fastqs/lib12/OSF_E135_1.fq.gz	fastqs/lib12/OSF_E135_2.fq.gz
lib12	1	OSF_E136	fastqs/lib12/OSF_E136_1.fq.gz	fastqs/lib12/OSF_E136_2.fq.gz
lib12	1	OSF_E137	fastqs/lib12/OSF_E137_1.fq.gz	fastqs/lib12/OSF_E137_2.fq.gz
lib12	1	OSF_E199	fastqs/lib12/OSF_E199_1.fq.gz	fastqs/lib12/OSF_E199_2.fq.gz
lib12	1	OSF_E202	fastqs/lib12/OSF_E202_1.fq.gz	fastqs/lib12/OSF_E202_2.fq.gz
lib12	1	OSF_E204	fastqs/lib12/OSF_E204_1.fq.gz	fastqs/lib12/OSF_E204_2.fq.gz
lib12	1	OSF_E205	fastqs/lib12/OSF_E205_1.fq.gz	fastqs/lib12/OSF_E205_2.fq.gz
lib12	1	OSF_E206	fastqs/lib12/OSF_E206_1.fq.gz	fastqs/lib12/OSF_E206_2.fq.gz
lib12	1	OSF_E207	fastqs/lib12/OSF_E207_1.fq.gz	fastqs/lib12/OSF_E207_2.fq.gz
lib12	1	OSF_E209	fastqs/lib12/OSF_E209_1.fq.gz	fastqs/lib12/OSF_E209_2.fq.gz
lib12	1	OSF_E210	fastqs/lib12/OSF_E210_1.fq.gz	fastqs/lib12/OSF_E210_2.fq.gz
lib12	1	OSF_E211	fastqs/lib12/OSF_E211_1.fq.gz	fastqs/lib12/OSF_E211_2.fq.gz
lib12	1	OSF_E212	fastqs/lib12/OSF_E212_1.fq.gz	fastqs/lib12/OSF_E212_2.fq.gz
lib12	1	OSF_E215	fastqs/lib12/OSF_E215_1.fq.gz	fastqs/lib12/OSF_E215_2.fq.gz
lib12	1	OSF_E216	fastqs/lib12/OSF_E216_1.fq.gz	fastqs/lib12/OSF_E216_2.fq.gz
lib12	1	OSF_E218	fastqs/lib12/OSF_E218_1.fq.gz	fastqs/lib12/OSF_E218_2.fq.gz
lib12	1	OSF_E219	fastqs/lib12/OSF_E219_1.fq.gz	fastqs/lib12/OSF_E219_2.fq.gz
lib12	1	OSF_E221	fastqs/lib12/OSF_E221_1.fq.gz	fastqs/lib12/OSF_E221_2.fq.gz
lib12	1	OSF_E222	fastqs/lib12/OSF_E222_1.fq.gz	fastqs/lib12/OSF_E222_2.fq.gz
lib12	1	OSF_E223	fastqs/lib12/OSF_E223_1.fq.gz	fastqs/lib12/OSF_E223_2.fq.gz
lib12	1	OSF_E225	fastqs/lib12/OSF_E225_1.fq.gz	fastqs/lib12/OSF_E225_2.fq.gz
lib12	1	OSF_E226	fastqs/lib12/OSF_E226_1.fq.gz	fastqs/lib12/OSF_E226_2.fq.gz
lib12	1	OSF_E228	fastqs/lib12/OSF_E228_1.fq.gz	fastqs/lib12/OSF_E228_2.fq.gz
lib12	1	OSF_E229	fastqs/lib12/OSF_E229_1.fq.gz	fastqs/lib12/OSF_E229_2.fq.gz
lib12	1	FARRIS_EM3_C	fastqs/lib12/FARRIS_EM3_C_1.fq.gz	fastqs/lib12/FARRIS_EM3_C_2.fq.gz
lib12	1	FARRIS_EM4_A	fastqs/lib12/FARRIS_EM4_A_1.fq.gz	fastqs/lib12/FARRIS_EM4_A_2.fq.gz
lib12	1	FARRIS_EM5_D	fastqs/lib12/FARRIS_EM5_D_1.fq.gz	fastqs/lib12/FARRIS_EM5_D_2.fq.gz
lib12	1	FARRIS_EM6_D	fastqs/lib12/FARRIS_EM6_D_1.fq.gz	fastqs/lib12/FARRIS_EM6_D_2.fq.gz
lib12	1	PARSLKBVPNDSITEB_1	fastqs/lib12/PARSLKBVPNDSITEB_1_1.fq.gz	fastqs/lib12/PARSLKBVPNDSITEB_1_2.fq.gz
lib12	1	PARSLKBVPNDSITEB_5	fastqs/lib12/PARSLKBVPNDSITEB_5_1.fq.gz	fastqs/lib12/PARSLKBVPNDSITEB_5_2.fq.gz
lib12	1	PARSLKBVPNDSITEB_6	fastqs/lib12/PARSLKBVPNDSITEB_6_1.fq.gz	fastqs/lib12/PARSLKBVPNDSITEB_6_2.fq.gz
lib12	1	PARSLKBVPNDSITEB_9	fastqs/lib12/PARSLKBVPNDSITEB_9_1.fq.gz	fastqs/lib12/PARSLKBVPNDSITEB_9_2.fq.gz
lib12	1	PRSLKBVPNDSITEB_13	fastqs/lib12/PRSLKBVPNDSITEB_13_1.fq.gz	fastqs/lib12/PRSLKBVPNDSITEB_13_2.fq.gz
lib12	1	A751D_CRANE	fastqs/lib12/A751D_CRANE_1.fq.gz	fastqs/lib12/A751D_CRANE_2.fq.gz
lib12	1	A766A_CRANE	fastqs/lib12/A766A_CRANE_1.fq.gz	fastqs/lib12/A766A_CRANE_2.fq.gz
lib12	2	WRBS_B01_CAP_R	fastqs/lib12/WRBS_B01_CAP_R_1.fq.gz	fastqs/lib12/WRBS_B01_CAP_R_2.fq.gz
lib12	2	CAP_LOXW_CO1_R	fastqs/lib12/CAP_LOXW_CO1_R_1.fq.gz	fastqs/lib12/CAP_LOXW_CO1_R_2.fq.gz
lib12	2	OSF_E136_R	fastqs/lib12/OSF_E136_R_1.fq.gz	fastqs/lib12/OSF_E136_R_2.fq.gz
lib12	2	OSF_E174_R	fastqs/lib12/OSF_E174_R_1.fq.gz	fastqs/lib12/OSF_E174_R_2.fq.gz
lib13	1	SCE2AUG17_35	fastqs/lib13/SCE2AUG17_35_1.fq.gz	fastqs/lib13/SCE2AUG17_35_2.fq.gz
lib13	1	OSF_E98	fastqs/lib13/OSF_E98_1.fq.gz	fastqs/lib13/OSF_E98_2.fq.gz
lib13	1	OSF_E99	fastqs/lib13/OSF_E99_1.fq.gz	fastqs/lib13/OSF_E99_2.fq.gz
lib13	1	OSF_E100	fastqs/lib13/OSF_E100_1.fq.gz	fastqs/lib13/OSF_E100_2.fq.gz
lib13	1	OSF_E123	fastqs/lib13/OSF_E123_1.fq.gz	fastqs/lib13/OSF_E123_2.fq.gz
lib13	1	OSF_E361	fastqs/lib13/OSF_E361_1.fq.gz	fastqs/lib13/OSF_E361_2.fq.gz
lib13	1	OSF_E362	fastqs/lib13/OSF_E362_1.fq.gz	fastqs/lib13/OSF_E362_2.fq.gz
lib13	1	OSF_E363	fastqs/lib13/OSF_E363_1.fq.gz	fastqs/lib13/OSF_E363_2.fq.gz
lib13	1	OSF_E364	fastqs/lib13/OSF_E364_1.fq.gz	fastqs/lib13/OSF_E364_2.fq.gz
lib13	1	OSF_E224	fastqs/lib13/OSF_E224_1.fq.gz	fastqs/lib13/OSF_E224_2.fq.gz
lib13	1	OSF_E227	fastqs/lib13/OSF_E227_1.fq.gz	fastqs/lib13/OSF_E227_2.fq.gz
lib13	1	OSF_E230	fastqs/lib13/OSF_E230_1.fq.gz	fastqs/lib13/OSF_E230_2.fq.gz
lib13	1	OSF_E338	fastqs/lib13/OSF_E338_1.fq.gz	fastqs/lib13/OSF_E338_2.fq.gz
lib13	1	OSF_E339	fastqs/lib13/OSF_E339_1.fq.gz	fastqs/lib13/OSF_E339_2.fq.gz
lib13	1	OSF_E341	fastqs/lib13/OSF_E341_1.fq.gz	fastqs/lib13/OSF_E341_2.fq.gz
lib13	1	OSF_E342	fastqs/lib13/OSF_E342_1.fq.gz	fastqs/lib13/OSF_E342_2.fq.gz
lib13	1	OSF_E343	fastqs/lib13/OSF_E343_1.fq.gz	fastqs/lib13/OSF_E343_2.fq.gz
lib13	1	OSF_E433	fastqs/lib13/OSF_E433_1.fq.gz	fastqs/lib13/OSF_E433_2.fq.gz
lib13	1	OSF_E434	fastqs/lib13/OSF_E434_1.fq.gz	fastqs/lib13/OSF_E434_2.fq.gz
lib13	1	OSF_E436	fastqs/lib13/OSF_E436_1.fq.gz	fastqs/lib13/OSF_E436_2.fq.gz
lib13	1	OSF_E437	fastqs/lib13/OSF_E437_1.fq.gz	fastqs/lib13/OSF_E437_2.fq.gz
lib13	1	OSF_E438	fastqs/lib13/OSF_E438_1.fq.gz	fastqs/lib13/OSF_E438_2.fq.gz
lib13	1	OSF_E439	fastqs/lib13/OSF_E439_1.fq.gz	fastqs/lib13/OSF_E439_2.fq.gz
lib13	1	5APR13_CCP2_1_1_A	fastqs/lib13/5APR13_CCP2_1_1_A_1.fq.gz	fastqs/lib13/5APR13_CCP2_1_1_A_2.fq.gz
lib13	1	5APR13_CCP2_1_2_A	fastqs/lib13/5APR13_CCP2_1_2_A_1.fq.gz	fastqs/lib13/5APR13_CCP2_1_2_A_2.fq.gz
lib13	1	5APR13_CCP2_2_1_A	fastqs/lib13/5APR13_CCP2_2_1_A_1.fq.gz	fastqs/lib13/5APR13_CCP2_2_1_A_2.fq.gz
lib13	1	5APR13_CCP2_3_1_A	fastqs/lib13/5APR13_CCP2_3_1_A_1.fq.gz	fastqs/lib13/5APR13_CCP2_3_1_A_2.fq.gz
lib13	1	5APR13_CCP2_3_2_A	fastqs/lib13/5APR13_CCP2_3_2_A_1.fq.gz	fastqs/lib13/5APR13_CCP2_3_2_A_2.fq.gz
lib13	1	5APR13CCP2_3_3_A	fastqs/lib13/5APR13CCP2_3_3_A_1.fq.gz	fastqs/lib13/5APR13CCP2_3_3_A_2.fq.gz
lib13	1	18APR13NWOXI_4_1_C	fastqs/lib13/18APR13NWOXI_4_1_C_1.fq.gz	fastqs/lib13/18APR13NWOXI_4_1_C_2.fq.gz
lib13	1	18APR13NWOXI_5_1_B	fastqs/lib13/18APR13NWOXI_5_1_B_1.fq.gz	fastqs/lib13/18APR13NWOXI_5_1_B_2.fq.gz
lib13	1	18APR13_NWPD_1_1_B	fastqs/lib13/18APR13_NWPD_1_1_B_1.fq.gz	fastqs/lib13/18APR13_NWPD_1_1_B_2.fq.gz
lib13	1	18APR13_NWPD_2_1_A	fastqs/lib13/18APR13_NWPD_2_1_A_1.fq.gz	fastqs/lib13/18APR13_NWPD_2_1_A_2.fq.gz
lib13	1	18APR13_NWPD_2_2_A	fastqs/lib13/18APR13_NWPD_2_2_A_1.fq.gz	fastqs/lib13/18APR13_NWPD_2_2_A_2.fq.gz
lib13	1	18APR13_NWPD_2_4_A	fastqs/lib13/18APR13_NWPD_2_4_A_1.fq.gz	fastqs/lib13/18APR13_NWPD_2_4_A_2.fq.gz
lib13	1	SCSW23MAY18_4	fastqs/lib13/SCSW23MAY18_4_1.fq.gz	fastqs/lib13/SCSW23MAY18_4_2.fq.gz
lib13	1	221605	fastqs/lib13/221605_1.fq.gz	fastqs/lib13/221605_2.fq.gz
lib13	1	221592	fastqs/lib13/221592_1.fq.gz	fastqs/lib13/221592_2.fq.gz
lib13	1	221555	fastqs/lib13/221555_1.fq.gz	fastqs/lib13/221555_2.fq.gz
lib13	1	221543	fastqs/lib13/221543_1.fq.gz	fastqs/lib13/221543_2.fq.gz
lib13	1	221570	fastqs/lib13/221570_1.fq.gz	fastqs/lib13/221570_2.fq.gz
lib13	1	221333	fastqs/lib13/221333_1.fq.gz	fastqs/lib13/221333_2.fq.gz
lib13	1	221321	fastqs/lib13/221321_1.fq.gz	fastqs/lib13/221321_2.fq.gz
lib13	1	DP7EA02_CAP	fastqs/lib13/DP7EA02_CAP_1.fq.gz	fastqs/lib13/DP7EA02_CAP_2.fq.gz
lib13	1	DP6_A01_CAP	fastqs/lib13/DP6_A01_CAP_1.fq.gz	fastqs/lib13/DP6_A01_CAP_2.fq.gz
lib13	1	DP6_B01_CAP	fastqs/lib13/DP6_B01_CAP_1.fq.gz	fastqs/lib13/DP6_B01_CAP_2.fq.gz
lib13	1	DP6_C01_CAP	fastqs/lib13/DP6_C01_CAP_1.fq.gz	fastqs/lib13/DP6_C01_CAP_2.fq.gz
lib13	1	DP6_E01_CAP	fastqs/lib13/DP6_E01_CAP_1.fq.gz	fastqs/lib13/DP6_E01_CAP_2.fq.gz
lib13	1	DP6_F01	fastqs/lib13/DP6_F01_1.fq.gz	fastqs/lib13/DP6_F01_2.fq.gz
lib13	1	DP6_G01	fastqs/lib13/DP6_G01_1.fq.gz	fastqs/lib13/DP6_G01_2.fq.gz
lib13	1	DP6_H02_CAP	fastqs/lib13/DP6_H02_CAP_1.fq.gz	fastqs/lib13/DP6_H02_CAP_2.fq.gz
lib13	1	DP6_J01_CAP	fastqs/lib13/DP6_J01_CAP_1.fq.gz	fastqs/lib13/DP6_J01_CAP_2.fq.gz
lib13	1	PD1E_A01_CAP	fastqs/lib13/PD1E_A01_CAP_1.fq.gz	fastqs/lib13/PD1E_A01_CAP_2.fq.gz
lib13	1	PD1E_B01_CAP	fastqs/lib13/PD1E_B01_CAP_1.fq.gz	fastqs/lib13/PD1E_B01_CAP_2.fq.gz
lib13	1	PD1E_C02_CAP	fastqs/lib13/PD1E_C02_CAP_1.fq.gz	fastqs/lib13/PD1E_C02_CAP_2.fq.gz
lib13	1	PD1E_D01_CAP	fastqs/lib13/PD1E_D01_CAP_1.fq.gz	fastqs/lib13/PD1E_D01_CAP_2.fq.gz
lib13	1	PD1E_E01_CAP	fastqs/lib13/PD1E_E01_CAP_1.fq.gz	fastqs/lib13/PD1E_E01_CAP_2.fq.gz
lib13	1	18APR13_NWPD_3_1_A	fastqs/lib13/18APR13_NWPD_3_1_A_1.fq.gz	fastqs/lib13/18APR13_NWPD_3_1_A_2.fq.gz
lib13	1	18APR13_NWPD_3_2_A	fastqs/lib13/18APR13_NWPD_3_2_A_1.fq.gz	fastqs/lib13/18APR13_NWPD_3_2_A_2.fq.gz
lib13	1	18APR13_NWPD_3_3_A	fastqs/lib13/18APR13_NWPD_3_3_A_1.fq.gz	fastqs/lib13/18APR13_NWPD_3_3_A_2.fq.gz
lib13	1	18APR13_NWPD_3_4_A	fastqs/lib13/18APR13_NWPD_3_4_A_1.fq.gz	fastqs/lib13/18APR13_NWPD_3_4_A_2.fq.gz
lib13	1	18APR13NWDX2_6_1_A	fastqs/lib13/18APR13NWDX2_6_1_A_1.fq.gz	fastqs/lib13/18APR13NWDX2_6_1_A_2.fq.gz
lib13	1	18APR13NWDX2_6_2_A	fastqs/lib13/18APR13NWDX2_6_2_A_1.fq.gz	fastqs/lib13/18APR13NWDX2_6_2_A_2.fq.gz
lib13	1	18APR13NWDX2_6_3_A	fastqs/lib13/18APR13NWDX2_6_3_A_1.fq.gz	fastqs/lib13/18APR13NWDX2_6_3_A_2.fq.gz
lib13	1	18APR13NWDX2_6_4_C	fastqs/lib13/18APR13NWDX2_6_4_C_1.fq.gz	fastqs/lib13/18APR13NWDX2_6_4_C_2.fq.gz
lib13	1	18APR13NWDX2_7_1_B	fastqs/lib13/18APR13NWDX2_7_1_B_1.fq.gz	fastqs/lib13/18APR13NWDX2_7_1_B_2.fq.gz
lib13	1	SCSW23MAY18_1	fastqs/lib13/SCSW23MAY18_1_1.fq.gz	fastqs/lib13/SCSW23MAY18_1_2.fq.gz
lib13	1	SCSW23MAY18_3	fastqs/lib13/SCSW23MAY18_3_1.fq.gz	fastqs/lib13/SCSW23MAY18_3_2.fq.gz
lib13	1	43510_CRANE	fastqs/lib13/43510_CRANE_1.fq.gz	fastqs/lib13/43510_CRANE_2.fq.gz
lib13	1	CRPH2_D3_26APR12_A	fastqs/lib13/CRPH2_D3_26APR12_A_1.fq.gz	fastqs/lib13/CRPH2_D3_26APR12_A_2.fq.gz
lib13	1	CRPH2_D8_26APR12_A	fastqs/lib13/CRPH2_D8_26APR12_A_1.fq.gz	fastqs/lib13/CRPH2_D8_26APR12_A_2.fq.gz
lib13	1	18APR13_NWPD_2_3_B	fastqs/lib13/18APR13_NWPD_2_3_B_1.fq.gz	fastqs/lib13/18APR13_NWPD_2_3_B_2.fq.gz
lib13	1	18APR13_NWPD_2_5_A	fastqs/lib13/18APR13_NWPD_2_5_A_1.fq.gz	fastqs/lib13/18APR13_NWPD_2_5_A_2.fq.gz
lib13	1	221393	fastqs/lib13/221393_1.fq.gz	fastqs/lib13/221393_2.fq.gz
lib13	1	DP6_D01_CAP	fastqs/lib13/DP6_D01_CAP_1.fq.gz	fastqs/lib13/DP6_D01_CAP_2.fq.gz
lib13	1	DP6_I01_CAP	fastqs/lib13/DP6_I01_CAP_1.fq.gz	fastqs/lib13/DP6_I01_CAP_2.fq.gz
lib13	1	18APR13NWDX2_7_2_A	fastqs/lib13/18APR13NWDX2_7_2_A_1.fq.gz	fastqs/lib13/18APR13NWDX2_7_2_A_2.fq.gz
lib13	1	18APR13NWDX2_7_3_A	fastqs/lib13/18APR13NWDX2_7_3_A_1.fq.gz	fastqs/lib13/18APR13NWDX2_7_3_A_2.fq.gz
lib13	1	KM_NWR_MC3_EM6_A1	fastqs/lib13/KM_NWR_MC3_EM6_A1_1.fq.gz	fastqs/lib13/KM_NWR_MC3_EM6_A1_2.fq.gz
lib13	1	KM_MC_7_EM3_A1	fastqs/lib13/KM_MC_7_EM3_A1_1.fq.gz	fastqs/lib13/KM_MC_7_EM3_A1_2.fq.gz
lib13	1	KM_CHOL_EM1_A1	fastqs/lib13/KM_CHOL_EM1_A1_1.fq.gz	fastqs/lib13/KM_CHOL_EM1_A1_2.fq.gz
lib13	1	222209	fastqs/lib13/222209_1.fq.gz	fastqs/lib13/222209_2.fq.gz
lib13	1	212274	fastqs/lib13/212274_1.fq.gz	fastqs/lib13/212274_2.fq.gz
lib13	1	OSF_E142	fastqs/lib13/OSF_E142_1.fq.gz	fastqs/lib13/OSF_E142_2.fq.gz
lib13	1	OSF_E238	fastqs/lib13/OSF_E238_1.fq.gz	fastqs/lib13/OSF_E238_2.fq.gz
lib13	1	OSF_E358	fastqs/lib13/OSF_E358_1.fq.gz	fastqs/lib13/OSF_E358_2.fq.gz
lib13	1	DEEX_B02_CAP	fastqs/lib13/DEEX_B02_CAP_1.fq.gz	fastqs/lib13/DEEX_B02_CAP_2.fq.gz
lib13	1	WRH2_G02_CAP	fastqs/lib13/WRH2_G02_CAP_1.fq.gz	fastqs/lib13/WRH2_G02_CAP_2.fq.gz
lib13	1	KM_NWR_MC1_EM01_A1	fastqs/lib13/KM_NWR_MC1_EM01_A1_1.fq.gz	fastqs/lib13/KM_NWR_MC1_EM01_A1_2.fq.gz
lib13	1	KM_NWR_MC4_EM02_A1	fastqs/lib13/KM_NWR_MC4_EM02_A1_1.fq.gz	fastqs/lib13/KM_NWR_MC4_EM02_A1_2.fq.gz
lib13	1	KM_MC_8_EM1_A1	fastqs/lib13/KM_MC_8_EM1_A1_1.fq.gz	fastqs/lib13/KM_MC_8_EM1_A1_2.fq.gz
lib13	1	KMNWR_CHOLO_EM2_A1	fastqs/lib13/KMNWR_CHOLO_EM2_A1_1.fq.gz	fastqs/lib13/KMNWR_CHOLO_EM2_A1_2.fq.gz
lib13	2	CAP_MEXC_C03	fastqs/lib13/CAP_MEXC_C03_1.fq.gz	fastqs/lib13/CAP_MEXC_C03_2.fq.gz
lib13	2	PRSPLKBEAVPNDST_B7	fastqs/lib13/PRSPLKBEAVPNDST_B7_1.fq.gz	fastqs/lib13/PRSPLKBEAVPNDST_B7_2.fq.gz
lib13	2	OSF_E182R	fastqs/lib13/OSF_E182R_1.fq.gz	fastqs/lib13/OSF_E182R_2.fq.gz
lib13	2	CAP_RDMP_D01R	fastqs/lib13/CAP_RDMP_D01R_1.fq.gz	fastqs/lib13/CAP_RDMP_D01R_2.fq.gz
lib13	2	WRH2_G02_CAPR	fastqs/lib13/WRH2_G02_CAPR_1.fq.gz	fastqs/lib13/WRH2_G02_CAPR_2.fq.gz
lib13	2	40354_CRANER	fastqs/lib13/40354_CRANER_1.fq.gz	fastqs/lib13/40354_CRANER_2.fq.gz
lib02	1	OSF_E246	fastqs/lib02/OSF_E246_1.fq.gz	fastqs/lib02/OSF_E246_2.fq.gz
lib02	1	OSF_E348	fastqs/lib02/OSF_E348_1.fq.gz	fastqs/lib02/OSF_E348_2.fq.gz
lib02	1	OSF_E356	fastqs/lib02/OSF_E356_1.fq.gz	fastqs/lib02/OSF_E356_2.fq.gz
lib02	1	OSF_E357	fastqs/lib02/OSF_E357_1.fq.gz	fastqs/lib02/OSF_E357_2.fq.gz
lib02	1	PD1E_H02	fastqs/lib02/PD1E_H02_1.fq.gz	fastqs/lib02/PD1E_H02_2.fq.gz
lib02	1	DP1W_A01	fastqs/lib02/DP1W_A01_1.fq.gz	fastqs/lib02/DP1W_A01_2.fq.gz
lib02	1	DSBT_A01	fastqs/lib02/DSBT_A01_1.fq.gz	fastqs/lib02/DSBT_A01_2.fq.gz
lib02	1	DEEX_A02	fastqs/lib02/DEEX_A02_1.fq.gz	fastqs/lib02/DEEX_A02_2.fq.gz
lib02	1	WRH2_C01	fastqs/lib02/WRH2_C01_1.fq.gz	fastqs/lib02/WRH2_C01_2.fq.gz
lib02	1	WRH2_D01	fastqs/lib02/WRH2_D01_1.fq.gz	fastqs/lib02/WRH2_D01_2.fq.gz
lib02	1	WRH2_E01	fastqs/lib02/WRH2_E01_1.fq.gz	fastqs/lib02/WRH2_E01_2.fq.gz
lib02	1	WRH2_F01	fastqs/lib02/WRH2_F01_1.fq.gz	fastqs/lib02/WRH2_F01_2.fq.gz
lib02	1	WRH2_L01	fastqs/lib02/WRH2_L01_1.fq.gz	fastqs/lib02/WRH2_L01_2.fq.gz
lib02	1	WRBS_A02	fastqs/lib02/WRBS_A02_1.fq.gz	fastqs/lib02/WRBS_A02_2.fq.gz
lib02	1	WRBS_B01	fastqs/lib02/WRBS_B01_1.fq.gz	fastqs/lib02/WRBS_B01_2.fq.gz
lib02	1	WRBS_D01	fastqs/lib02/WRBS_D01_1.fq.gz	fastqs/lib02/WRBS_D01_2.fq.gz
lib02	1	KM_NWR_MC3_EM3_A1	fastqs/lib02/KM_NWR_MC3_EM3_A1_1.fq.gz	fastqs/lib02/KM_NWR_MC3_EM3_A1_2.fq.gz
lib02	1	KM_NWR_MC3_EM04_A1	fastqs/lib02/KM_NWR_MC3_EM04_A1_1.fq.gz	fastqs/lib02/KM_NWR_MC3_EM04_A1_2.fq.gz
lib02	1	KM_NWR_MC3_EM5_A1	fastqs/lib02/KM_NWR_MC3_EM5_A1_1.fq.gz	fastqs/lib02/KM_NWR_MC3_EM5_A1_2.fq.gz
lib02	1	KM_MC6_EM2_A1	fastqs/lib02/KM_MC6_EM2_A1_1.fq.gz	fastqs/lib02/KM_MC6_EM2_A1_2.fq.gz
lib02	1	KM_NWR_MC7_EM01_A1	fastqs/lib02/KM_NWR_MC7_EM01_A1_1.fq.gz	fastqs/lib02/KM_NWR_MC7_EM01_A1_2.fq.gz
lib02	1	KM_MC7_EM2_A1	fastqs/lib02/KM_MC7_EM2_A1_1.fq.gz	fastqs/lib02/KM_MC7_EM2_A1_2.fq.gz
lib02	1	KM_PEN_RD_EM8_A1	fastqs/lib02/KM_PEN_RD_EM8_A1_1.fq.gz	fastqs/lib02/KM_PEN_RD_EM8_A1_2.fq.gz
lib02	1	KM_PEN_RD_EM9_A1	fastqs/lib02/KM_PEN_RD_EM9_A1_1.fq.gz	fastqs/lib02/KM_PEN_RD_EM9_A1_2.fq.gz
lib02	1	KM_PEN_RD_EM10_A1	fastqs/lib02/KM_PEN_RD_EM10_A1_1.fq.gz	fastqs/lib02/KM_PEN_RD_EM10_A1_2.fq.gz
lib02	1	CHOL_EM7_A1	fastqs/lib02/CHOL_EM7_A1_1.fq.gz	fastqs/lib02/CHOL_EM7_A1_2.fq.gz
lib02	1	KM_NWR_DEVINE_EM01_A2	fastqs/lib02/KM_NWR_DEVINE_EM01_A2_1.fq.gz	fastqs/lib02/KM_NWR_DEVINE_EM01_A2_2.fq.gz
lib02	1	KM_NWR_DEVINE_EM02_A1	fastqs/lib02/KM_NWR_DEVINE_EM02_A1_1.fq.gz	fastqs/lib02/KM_NWR_DEVINE_EM02_A1_2.fq.gz
lib02	1	USGS_220449	fastqs/lib02/USGS_220449_1.fq.gz	fastqs/lib02/USGS_220449_2.fq.gz
lib02	1	USGS_220356	fastqs/lib02/USGS_220356_1.fq.gz	fastqs/lib02/USGS_220356_2.fq.gz
lib02	1	USGS_220341	fastqs/lib02/USGS_220341_1.fq.gz	fastqs/lib02/USGS_220341_2.fq.gz
lib02	1	USGS_211875	fastqs/lib02/USGS_211875_1.fq.gz	fastqs/lib02/USGS_211875_2.fq.gz
lib02	1	USGS_212263	fastqs/lib02/USGS_212263_1.fq.gz	fastqs/lib02/USGS_212263_2.fq.gz
lib02	1	USGS_211861	fastqs/lib02/USGS_211861_1.fq.gz	fastqs/lib02/USGS_211861_2.fq.gz
lib02	1	OSF_E20	fastqs/lib02/OSF_E20_1.fq.gz	fastqs/lib02/OSF_E20_2.fq.gz
lib02	1	OSF_E138	fastqs/lib02/OSF_E138_1.fq.gz	fastqs/lib02/OSF_E138_2.fq.gz
lib02	1	OSF_E139	fastqs/lib02/OSF_E139_1.fq.gz	fastqs/lib02/OSF_E139_2.fq.gz
lib02	1	OSF_E234	fastqs/lib02/OSF_E234_1.fq.gz	fastqs/lib02/OSF_E234_2.fq.gz
lib02	1	OSF_E236	fastqs/lib02/OSF_E236_1.fq.gz	fastqs/lib02/OSF_E236_2.fq.gz
lib02	1	OSF_E237	fastqs/lib02/OSF_E237_1.fq.gz	fastqs/lib02/OSF_E237_2.fq.gz
lib03	1	211888	fastqs/lib03/211888_1.fq.gz	fastqs/lib03/211888_2.fq.gz
lib03	1	211903	fastqs/lib03/211903_1.fq.gz	fastqs/lib03/211903_2.fq.gz
lib03	1	211848	fastqs/lib03/211848_1.fq.gz	fastqs/lib03/211848_2.fq.gz
lib03	1	220900	fastqs/lib03/220900_1.fq.gz	fastqs/lib03/220900_2.fq.gz
lib03	1	220848	fastqs/lib03/220848_1.fq.gz	fastqs/lib03/220848_2.fq.gz
lib03	1	220870	fastqs/lib03/220870_1.fq.gz	fastqs/lib03/220870_2.fq.gz
lib03	1	220892	fastqs/lib03/220892_1.fq.gz	fastqs/lib03/220892_2.fq.gz
lib03	1	220926	fastqs/lib03/220926_1.fq.gz	fastqs/lib03/220926_2.fq.gz
lib03	1	220677	fastqs/lib03/220677_1.fq.gz	fastqs/lib03/220677_2.fq.gz
lib03	1	220730	fastqs/lib03/220730_1.fq.gz	fastqs/lib03/220730_2.fq.gz
lib03	1	221453	fastqs/lib03/221453_1.fq.gz	fastqs/lib03/221453_2.fq.gz
lib03	1	221678	fastqs/lib03/221678_1.fq.gz	fastqs/lib03/221678_2.fq.gz
lib03	1	221961	fastqs/lib03/221961_1.fq.gz	fastqs/lib03/221961_2.fq.gz
lib03	1	221465	fastqs/lib03/221465_1.fq.gz	fastqs/lib03/221465_2.fq.gz
lib03	1	212359	fastqs/lib03/212359_1.fq.gz	fastqs/lib03/212359_2.fq.gz
lib03	1	212360	fastqs/lib03/212360_1.fq.gz	fastqs/lib03/212360_2.fq.gz
lib03	1	OSF_E25	fastqs/lib03/OSF_E25_1.fq.gz	fastqs/lib03/OSF_E25_2.fq.gz
lib03	1	OSF_E27	fastqs/lib03/OSF_E27_1.fq.gz	fastqs/lib03/OSF_E27_2.fq.gz
lib03	1	OSF_E31	fastqs/lib03/OSF_E31_1.fq.gz	fastqs/lib03/OSF_E31_2.fq.gz
lib03	1	OSF_E33	fastqs/lib03/OSF_E33_1.fq.gz	fastqs/lib03/OSF_E33_2.fq.gz
lib03	1	OSF_E37	fastqs/lib03/OSF_E37_1.fq.gz	fastqs/lib03/OSF_E37_2.fq.gz
lib03	1	OSF_E152	fastqs/lib03/OSF_E152_1.fq.gz	fastqs/lib03/OSF_E152_2.fq.gz
lib03	1	OSF_E158	fastqs/lib03/OSF_E158_1.fq.gz	fastqs/lib03/OSF_E158_2.fq.gz
lib03	1	OSF_E479	fastqs/lib03/OSF_E479_1.fq.gz	fastqs/lib03/OSF_E479_2.fq.gz
lib03	1	OSF_E161	fastqs/lib03/OSF_E161_1.fq.gz	fastqs/lib03/OSF_E161_2.fq.gz
lib03	1	OSF_E167	fastqs/lib03/OSF_E167_1.fq.gz	fastqs/lib03/OSF_E167_2.fq.gz
lib03	1	OSF_E248	fastqs/lib03/OSF_E248_1.fq.gz	fastqs/lib03/OSF_E248_2.fq.gz
lib03	1	OSF_E249	fastqs/lib03/OSF_E249_1.fq.gz	fastqs/lib03/OSF_E249_2.fq.gz
lib03	1	OSF_E251	fastqs/lib03/OSF_E251_1.fq.gz	fastqs/lib03/OSF_E251_2.fq.gz
lib03	1	OSF_E261	fastqs/lib03/OSF_E261_1.fq.gz	fastqs/lib03/OSF_E261_2.fq.gz
lib03	1	OSF_E263	fastqs/lib03/OSF_E263_1.fq.gz	fastqs/lib03/OSF_E263_2.fq.gz
lib03	1	OSF_E264	fastqs/lib03/OSF_E264_1.fq.gz	fastqs/lib03/OSF_E264_2.fq.gz
lib03	1	OSF_E265	fastqs/lib03/OSF_E265_1.fq.gz	fastqs/lib03/OSF_E265_2.fq.gz
lib03	1	OSF_E266	fastqs/lib03/OSF_E266_1.fq.gz	fastqs/lib03/OSF_E266_2.fq.gz
lib03	1	OSF_E268	fastqs/lib03/OSF_E268_1.fq.gz	fastqs/lib03/OSF_E268_2.fq.gz
lib03	1	OSF_E269	fastqs/lib03/OSF_E269_1.fq.gz	fastqs/lib03/OSF_E269_2.fq.gz
lib03	1	OSF_E382	fastqs/lib03/OSF_E382_1.fq.gz	fastqs/lib03/OSF_E382_2.fq.gz
lib03	1	OSF_E383	fastqs/lib03/OSF_E383_1.fq.gz	fastqs/lib03/OSF_E383_2.fq.gz
lib03	1	OSF_E390	fastqs/lib03/OSF_E390_1.fq.gz	fastqs/lib03/OSF_E390_2.fq.gz
lib03	1	OSF_E394	fastqs/lib03/OSF_E394_1.fq.gz	fastqs/lib03/OSF_E394_2.fq.gz
lib03	1	OSF_E396	fastqs/lib03/OSF_E396_1.fq.gz	fastqs/lib03/OSF_E396_2.fq.gz
lib03	1	OSF_ERAAU_2	fastqs/lib03/OSF_ERAAU_2_1.fq.gz	fastqs/lib03/OSF_ERAAU_2_2.fq.gz
lib03	1	BEAVER_RACA_2	fastqs/lib03/BEAVER_RACA_2_1.fq.gz	fastqs/lib03/BEAVER_RACA_2_2.fq.gz
lib03	1	DEV_EM10_A1	fastqs/lib03/DEV_EM10_A1_1.fq.gz	fastqs/lib03/DEV_EM10_A1_2.fq.gz
lib03	1	KM_NWR_DEV_EM11_A2	fastqs/lib03/KM_NWR_DEV_EM11_A2_1.fq.gz	fastqs/lib03/KM_NWR_DEV_EM11_A2_2.fq.gz
lib03	1	KM_NWR_DEV_EM12_A1	fastqs/lib03/KM_NWR_DEV_EM12_A1_1.fq.gz	fastqs/lib03/KM_NWR_DEV_EM12_A1_2.fq.gz
lib03	1	KM_NWR_DEV_EM13_A1	fastqs/lib03/KM_NWR_DEV_EM13_A1_1.fq.gz	fastqs/lib03/KM_NWR_DEV_EM13_A1_2.fq.gz
lib03	1	KM_NWR_DEV_EM14_A1	fastqs/lib03/KM_NWR_DEV_EM14_A1_1.fq.gz	fastqs/lib03/KM_NWR_DEV_EM14_A1_2.fq.gz
lib03	1	KM_NWR_DEV_EM15_A1	fastqs/lib03/KM_NWR_DEV_EM15_A1_1.fq.gz	fastqs/lib03/KM_NWR_DEV_EM15_A1_2.fq.gz
lib03	1	KM_DEV_EM20_A1	fastqs/lib03/KM_DEV_EM20_A1_1.fq.gz	fastqs/lib03/KM_DEV_EM20_A1_2.fq.gz
lib03	1	KM_DEV_EM22_A1	fastqs/lib03/KM_DEV_EM22_A1_1.fq.gz	fastqs/lib03/KM_DEV_EM22_A1_2.fq.gz
lib03	1	KM_DEV_EM24_A1	fastqs/lib03/KM_DEV_EM24_A1_1.fq.gz	fastqs/lib03/KM_DEV_EM24_A1_2.fq.gz
lib03	1	DEV_EM25_A1	fastqs/lib03/DEV_EM25_A1_1.fq.gz	fastqs/lib03/DEV_EM25_A1_2.fq.gz
lib03	1	4_MILE_BEAV_EM3_A1	fastqs/lib03/4_MILE_BEAV_EM3_A1_1.fq.gz	fastqs/lib03/4_MILE_BEAV_EM3_A1_2.fq.gz
lib03	1	4MILE_MARSH_EM1_A1	fastqs/lib03/4MILE_MARSH_EM1_A1_1.fq.gz	fastqs/lib03/4MILE_MARSH_EM1_A1_2.fq.gz
lib03	1	4MILE_MARSH_EM2_A1	fastqs/lib03/4MILE_MARSH_EM2_A1_1.fq.gz	fastqs/lib03/4MILE_MARSH_EM2_A1_2.fq.gz
lib03	1	BS_GAG_D_EM3_A1	fastqs/lib03/BS_GAG_D_EM3_A1_1.fq.gz	fastqs/lib03/BS_GAG_D_EM3_A1_2.fq.gz
lib03	1	BS_GAG_D_EM5_A2	fastqs/lib03/BS_GAG_D_EM5_A2_1.fq.gz	fastqs/lib03/BS_GAG_D_EM5_A2_2.fq.gz
lib03	1	CAP_USGS_KMHQ_A01	fastqs/lib03/CAP_USGS_KMHQ_A01_1.fq.gz	fastqs/lib03/CAP_USGS_KMHQ_A01_2.fq.gz
lib03	1	CAP_SRV1_A01	fastqs/lib03/CAP_SRV1_A01_1.fq.gz	fastqs/lib03/CAP_SRV1_A01_2.fq.gz
lib03	1	CAP_SRV1_B01	fastqs/lib03/CAP_SRV1_B01_1.fq.gz	fastqs/lib03/CAP_SRV1_B01_2.fq.gz
lib03	1	CAP_SRV2_A01	fastqs/lib03/CAP_SRV2_A01_1.fq.gz	fastqs/lib03/CAP_SRV2_A01_2.fq.gz
lib03	1	CAP_SRV3_A01	fastqs/lib03/CAP_SRV3_A01_1.fq.gz	fastqs/lib03/CAP_SRV3_A01_2.fq.gz
lib03	1	CAP_SRV3_B01	fastqs/lib03/CAP_SRV3_B01_1.fq.gz	fastqs/lib03/CAP_SRV3_B01_2.fq.gz
lib03	1	CAP_SRV3_C01	fastqs/lib03/CAP_SRV3_C01_1.fq.gz	fastqs/lib03/CAP_SRV3_C01_2.fq.gz
lib03	1	CAP_SRV3_E01	fastqs/lib03/CAP_SRV3_E01_1.fq.gz	fastqs/lib03/CAP_SRV3_E01_2.fq.gz
lib03	1	CAP_SRV4_A02	fastqs/lib03/CAP_SRV4_A02_1.fq.gz	fastqs/lib03/CAP_SRV4_A02_2.fq.gz
lib03	1	CAP_SRV4_B01	fastqs/lib03/CAP_SRV4_B01_1.fq.gz	fastqs/lib03/CAP_SRV4_B01_2.fq.gz
lib03	1	CAP_SRV4_C01	fastqs/lib03/CAP_SRV4_C01_1.fq.gz	fastqs/lib03/CAP_SRV4_C01_2.fq.gz
lib03	1	CAP_SRV4_D01	fastqs/lib03/CAP_SRV4_D01_1.fq.gz	fastqs/lib03/CAP_SRV4_D01_2.fq.gz
lib03	1	CAP_SRV4_E02	fastqs/lib03/CAP_SRV4_E02_1.fq.gz	fastqs/lib03/CAP_SRV4_E02_2.fq.gz
lib03	1	CAP_SRV4_F01	fastqs/lib03/CAP_SRV4_F01_1.fq.gz	fastqs/lib03/CAP_SRV4_F01_2.fq.gz
lib03	1	CAP_SRV4_H01	fastqs/lib03/CAP_SRV4_H01_1.fq.gz	fastqs/lib03/CAP_SRV4_H01_2.fq.gz
lib03	1	CAP_SRV4_I01	fastqs/lib03/CAP_SRV4_I01_1.fq.gz	fastqs/lib03/CAP_SRV4_I01_2.fq.gz
lib03	1	CAP_SRV4_J01	fastqs/lib03/CAP_SRV4_J01_1.fq.gz	fastqs/lib03/CAP_SRV4_J01_2.fq.gz
lib03	1	CAP_SRV4_K01	fastqs/lib03/CAP_SRV4_K01_1.fq.gz	fastqs/lib03/CAP_SRV4_K01_2.fq.gz
lib03	1	CAP_SRV4_M01	fastqs/lib03/CAP_SRV4_M01_1.fq.gz	fastqs/lib03/CAP_SRV4_M01_2.fq.gz
lib03	1	CAP_SRNT_A03	fastqs/lib03/CAP_SRNT_A03_1.fq.gz	fastqs/lib03/CAP_SRNT_A03_2.fq.gz
lib03	1	CAP_SRNT_B01	fastqs/lib03/CAP_SRNT_B01_1.fq.gz	fastqs/lib03/CAP_SRNT_B01_2.fq.gz
lib03	1	CAP_SRNT_C01	fastqs/lib03/CAP_SRNT_C01_1.fq.gz	fastqs/lib03/CAP_SRNT_C01_2.fq.gz
lib03	1	CAP_SRNT_D02	fastqs/lib03/CAP_SRNT_D02_1.fq.gz	fastqs/lib03/CAP_SRNT_D02_2.fq.gz
lib03	1	CAP_SRNT_E01	fastqs/lib03/CAP_SRNT_E01_1.fq.gz	fastqs/lib03/CAP_SRNT_E01_2.fq.gz
lib03	1	CAP_SRNT_F01	fastqs/lib03/CAP_SRNT_F01_1.fq.gz	fastqs/lib03/CAP_SRNT_F01_2.fq.gz
lib03	1	CAP_SRNT_G01	fastqs/lib03/CAP_SRNT_G01_1.fq.gz	fastqs/lib03/CAP_SRNT_G01_2.fq.gz
lib03	1	CAP_SRNT_H02	fastqs/lib03/CAP_SRNT_H02_1.fq.gz	fastqs/lib03/CAP_SRNT_H02_2.fq.gz
lib03	1	CAP_SRNT_I01	fastqs/lib03/CAP_SRNT_I01_1.fq.gz	fastqs/lib03/CAP_SRNT_I01_2.fq.gz
lib03	1	CAP_LOXW_AO2	fastqs/lib03/CAP_LOXW_AO2_1.fq.gz	fastqs/lib03/CAP_LOXW_AO2_2.fq.gz
lib03	1	CAP_LOXW_BO1	fastqs/lib03/CAP_LOXW_BO1_1.fq.gz	fastqs/lib03/CAP_LOXW_BO1_2.fq.gz
lib03	1	CAP_LOXW_CO1	fastqs/lib03/CAP_LOXW_CO1_1.fq.gz	fastqs/lib03/CAP_LOXW_CO1_2.fq.gz
lib03	1	CAP_LOXW_DO1	fastqs/lib03/CAP_LOXW_DO1_1.fq.gz	fastqs/lib03/CAP_LOXW_DO1_2.fq.gz
lib03	1	CAP_LOXW_EO1	fastqs/lib03/CAP_LOXW_EO1_1.fq.gz	fastqs/lib03/CAP_LOXW_EO1_2.fq.gz
lib03	1	CAP_LOXW_FO2	fastqs/lib03/CAP_LOXW_FO2_1.fq.gz	fastqs/lib03/CAP_LOXW_FO2_2.fq.gz
lib03	1	CAP_LOXW_GO1	fastqs/lib03/CAP_LOXW_GO1_1.fq.gz	fastqs/lib03/CAP_LOXW_GO1_2.fq.gz
lib03	1	CAP_LOXW_HO1	fastqs/lib03/CAP_LOXW_HO1_1.fq.gz	fastqs/lib03/CAP_LOXW_HO1_2.fq.gz
lib04	1	222255	fastqs/lib04/222255_1.fq.gz	fastqs/lib04/222255_2.fq.gz
lib04	1	222265	fastqs/lib04/222265_1.fq.gz	fastqs/lib04/222265_2.fq.gz
lib04	1	222282	fastqs/lib04/222282_1.fq.gz	fastqs/lib04/222282_2.fq.gz
lib04	1	222293	fastqs/lib04/222293_1.fq.gz	fastqs/lib04/222293_2.fq.gz
lib04	1	RAPR8_9_22_1	fastqs/lib04/RAPR8_9_22_1_1.fq.gz	fastqs/lib04/RAPR8_9_22_1_2.fq.gz
lib04	1	RAPR8_9_22_2	fastqs/lib04/RAPR8_9_22_2_1.fq.gz	fastqs/lib04/RAPR8_9_22_2_2.fq.gz
lib04	1	LJM26JUN18_2_RAPR	fastqs/lib04/LJM26JUN18_2_RAPR_1.fq.gz	fastqs/lib04/LJM26JUN18_2_RAPR_2.fq.gz
lib04	1	LJM26JUN18_6_RAPR	fastqs/lib04/LJM26JUN18_6_RAPR_1.fq.gz	fastqs/lib04/LJM26JUN18_6_RAPR_2.fq.gz
lib04	1	LJ8AUG19_3_RAPR_F	fastqs/lib04/LJ8AUG19_3_RAPR_F_1.fq.gz	fastqs/lib04/LJ8AUG19_3_RAPR_F_2.fq.gz
lib04	1	222074	fastqs/lib04/222074_1.fq.gz	fastqs/lib04/222074_2.fq.gz
lib04	1	211987	fastqs/lib04/211987_1.fq.gz	fastqs/lib04/211987_2.fq.gz
lib04	1	212003	fastqs/lib04/212003_1.fq.gz	fastqs/lib04/212003_2.fq.gz
lib04	1	212006	fastqs/lib04/212006_1.fq.gz	fastqs/lib04/212006_2.fq.gz
lib04	1	211720	fastqs/lib04/211720_1.fq.gz	fastqs/lib04/211720_2.fq.gz
lib04	1	211698	fastqs/lib04/211698_1.fq.gz	fastqs/lib04/211698_2.fq.gz
lib04	1	211686	fastqs/lib04/211686_1.fq.gz	fastqs/lib04/211686_2.fq.gz
lib04	1	OSF_E39	fastqs/lib04/OSF_E39_1.fq.gz	fastqs/lib04/OSF_E39_2.fq.gz
lib04	1	OSF_E58	fastqs/lib04/OSF_E58_1.fq.gz	fastqs/lib04/OSF_E58_2.fq.gz
lib04	1	OSF_E42	fastqs/lib04/OSF_E42_1.fq.gz	fastqs/lib04/OSF_E42_2.fq.gz
lib04	1	OSF_E43	fastqs/lib04/OSF_E43_1.fq.gz	fastqs/lib04/OSF_E43_2.fq.gz
lib04	1	OSF_E63	fastqs/lib04/OSF_E63_1.fq.gz	fastqs/lib04/OSF_E63_2.fq.gz
lib04	1	OSF_E168	fastqs/lib04/OSF_E168_1.fq.gz	fastqs/lib04/OSF_E168_2.fq.gz
lib04	1	OSF_E172	fastqs/lib04/OSF_E172_1.fq.gz	fastqs/lib04/OSF_E172_2.fq.gz
lib04	1	OSF_E173	fastqs/lib04/OSF_E173_1.fq.gz	fastqs/lib04/OSF_E173_2.fq.gz
lib04	1	OSF_E174	fastqs/lib04/OSF_E174_1.fq.gz	fastqs/lib04/OSF_E174_2.fq.gz
lib04	1	OSF_E175	fastqs/lib04/OSF_E175_1.fq.gz	fastqs/lib04/OSF_E175_2.fq.gz
lib04	1	OSF_E270	fastqs/lib04/OSF_E270_1.fq.gz	fastqs/lib04/OSF_E270_2.fq.gz
lib04	1	OSF_E273	fastqs/lib04/OSF_E273_1.fq.gz	fastqs/lib04/OSF_E273_2.fq.gz
lib04	1	OSF_E275	fastqs/lib04/OSF_E275_1.fq.gz	fastqs/lib04/OSF_E275_2.fq.gz
lib04	1	OSF_E278	fastqs/lib04/OSF_E278_1.fq.gz	fastqs/lib04/OSF_E278_2.fq.gz
lib04	1	OSF_E280	fastqs/lib04/OSF_E280_1.fq.gz	fastqs/lib04/OSF_E280_2.fq.gz
lib04	1	OSF_E281	fastqs/lib04/OSF_E281_1.fq.gz	fastqs/lib04/OSF_E281_2.fq.gz
lib04	1	OSF_E282	fastqs/lib04/OSF_E282_1.fq.gz	fastqs/lib04/OSF_E282_2.fq.gz
lib04	1	OSF_E290	fastqs/lib04/OSF_E290_1.fq.gz	fastqs/lib04/OSF_E290_2.fq.gz
lib04	1	OSF_E291	fastqs/lib04/OSF_E291_1.fq.gz	fastqs/lib04/OSF_E291_2.fq.gz
lib04	1	OSF_E292	fastqs/lib04/OSF_E292_1.fq.gz	fastqs/lib04/OSF_E292_2.fq.gz
lib04	1	OSF_E398	fastqs/lib04/OSF_E398_1.fq.gz	fastqs/lib04/OSF_E398_2.fq.gz
lib04	1	OSF_E400	fastqs/lib04/OSF_E400_1.fq.gz	fastqs/lib04/OSF_E400_2.fq.gz
lib04	1	OSF_E401	fastqs/lib04/OSF_E401_1.fq.gz	fastqs/lib04/OSF_E401_2.fq.gz
lib04	1	OSF_E403	fastqs/lib04/OSF_E403_1.fq.gz	fastqs/lib04/OSF_E403_2.fq.gz
lib04	1	OSF_E404	fastqs/lib04/OSF_E404_1.fq.gz	fastqs/lib04/OSF_E404_2.fq.gz
lib04	1	OSF_ERAAU_3	fastqs/lib04/OSF_ERAAU_3_1.fq.gz	fastqs/lib04/OSF_ERAAU_3_2.fq.gz
lib04	1	17AUG22BEAVERRACA3	fastqs/lib04/17AUG22BEAVERRACA3_1.fq.gz	fastqs/lib04/17AUG22BEAVERRACA3_2.fq.gz
lib04	1	CAP_LOXW_KO1	fastqs/lib04/CAP_LOXW_KO1_1.fq.gz	fastqs/lib04/CAP_LOXW_KO1_2.fq.gz
lib04	1	CAP_LOXW_LO1	fastqs/lib04/CAP_LOXW_LO1_1.fq.gz	fastqs/lib04/CAP_LOXW_LO1_2.fq.gz
lib04	1	CAP_LOXE_A01	fastqs/lib04/CAP_LOXE_A01_1.fq.gz	fastqs/lib04/CAP_LOXE_A01_2.fq.gz
lib04	1	CAP_LOXE_B01	fastqs/lib04/CAP_LOXE_B01_1.fq.gz	fastqs/lib04/CAP_LOXE_B01_2.fq.gz
lib04	1	CAP_LOXE_C01	fastqs/lib04/CAP_LOXE_C01_1.fq.gz	fastqs/lib04/CAP_LOXE_C01_2.fq.gz
lib04	1	CAP_LOXE_D01	fastqs/lib04/CAP_LOXE_D01_1.fq.gz	fastqs/lib04/CAP_LOXE_D01_2.fq.gz
lib04	1	CAP_LOXE_E02	fastqs/lib04/CAP_LOXE_E02_1.fq.gz	fastqs/lib04/CAP_LOXE_E02_2.fq.gz
lib04	1	CAP_LOXE_F01	fastqs/lib04/CAP_LOXE_F01_1.fq.gz	fastqs/lib04/CAP_LOXE_F01_2.fq.gz
lib04	1	CAP_LOXE_G01	fastqs/lib04/CAP_LOXE_G01_1.fq.gz	fastqs/lib04/CAP_LOXE_G01_2.fq.gz
lib04	1	CAP_LOXE_H01	fastqs/lib04/CAP_LOXE_H01_1.fq.gz	fastqs/lib04/CAP_LOXE_H01_2.fq.gz
lib04	1	CAP_LOXE_I01	fastqs/lib04/CAP_LOXE_I01_1.fq.gz	fastqs/lib04/CAP_LOXE_I01_2.fq.gz
lib04	1	CAP_LOXE_J01	fastqs/lib04/CAP_LOXE_J01_1.fq.gz	fastqs/lib04/CAP_LOXE_J01_2.fq.gz
lib04	1	CAP_LOXE_K01	fastqs/lib04/CAP_LOXE_K01_1.fq.gz	fastqs/lib04/CAP_LOXE_K01_2.fq.gz
lib04	1	CAP_LOXE_L01	fastqs/lib04/CAP_LOXE_L01_1.fq.gz	fastqs/lib04/CAP_LOXE_L01_2.fq.gz
lib04	1	CAP_LOXE_M01	fastqs/lib04/CAP_LOXE_M01_1.fq.gz	fastqs/lib04/CAP_LOXE_M01_2.fq.gz
lib04	1	CAP_NDR_A02	fastqs/lib04/CAP_NDR_A02_1.fq.gz	fastqs/lib04/CAP_NDR_A02_2.fq.gz
lib04	1	CAP_NDR_B01	fastqs/lib04/CAP_NDR_B01_1.fq.gz	fastqs/lib04/CAP_NDR_B01_2.fq.gz
lib04	1	CAP_NDR_C01	fastqs/lib04/CAP_NDR_C01_1.fq.gz	fastqs/lib04/CAP_NDR_C01_2.fq.gz
lib04	1	CAP_NDR_D01	fastqs/lib04/CAP_NDR_D01_1.fq.gz	fastqs/lib04/CAP_NDR_D01_2.fq.gz
lib04	1	CAP_NDR_E01	fastqs/lib04/CAP_NDR_E01_1.fq.gz	fastqs/lib04/CAP_NDR_E01_2.fq.gz
lib04	1	CAP_NDR_F01	fastqs/lib04/CAP_NDR_F01_1.fq.gz	fastqs/lib04/CAP_NDR_F01_2.fq.gz
lib04	1	CAP_NDR_G01	fastqs/lib04/CAP_NDR_G01_1.fq.gz	fastqs/lib04/CAP_NDR_G01_2.fq.gz
lib04	1	CAP_NDR_H01	fastqs/lib04/CAP_NDR_H01_1.fq.gz	fastqs/lib04/CAP_NDR_H01_2.fq.gz
lib04	1	CAP_NDR_I02	fastqs/lib04/CAP_NDR_I02_1.fq.gz	fastqs/lib04/CAP_NDR_I02_2.fq.gz
lib04	1	NDR_J01	fastqs/lib04/NDR_J01_1.fq.gz	fastqs/lib04/NDR_J01_2.fq.gz
lib04	1	CAP_NDR_K01	fastqs/lib04/CAP_NDR_K01_1.fq.gz	fastqs/lib04/CAP_NDR_K01_2.fq.gz
lib04	1	CAP_NDR_L01	fastqs/lib04/CAP_NDR_L01_1.fq.gz	fastqs/lib04/CAP_NDR_L01_2.fq.gz
lib04	1	CAP_NDR_M02	fastqs/lib04/CAP_NDR_M02_1.fq.gz	fastqs/lib04/CAP_NDR_M02_2.fq.gz
lib04	1	CAP_NDR_N01	fastqs/lib04/CAP_NDR_N01_1.fq.gz	fastqs/lib04/CAP_NDR_N01_2.fq.gz
lib04	1	CAP_NDR_O01	fastqs/lib04/CAP_NDR_O01_1.fq.gz	fastqs/lib04/CAP_NDR_O01_2.fq.gz
lib04	1	CAP_NDR_P01	fastqs/lib04/CAP_NDR_P01_1.fq.gz	fastqs/lib04/CAP_NDR_P01_2.fq.gz
lib04	1	CAP_NDR_R01	fastqs/lib04/CAP_NDR_R01_1.fq.gz	fastqs/lib04/CAP_NDR_R01_2.fq.gz
lib04	1	CAP_NDR_S01	fastqs/lib04/CAP_NDR_S01_1.fq.gz	fastqs/lib04/CAP_NDR_S01_2.fq.gz
lib04	1	CAP_NDR_T01	fastqs/lib04/CAP_NDR_T01_1.fq.gz	fastqs/lib04/CAP_NDR_T01_2.fq.gz
lib04	1	CAP_FWY2_A01	fastqs/lib04/CAP_FWY2_A01_1.fq.gz	fastqs/lib04/CAP_FWY2_A01_2.fq.gz
lib04	1	CAP_FWY2_B01	fastqs/lib04/CAP_FWY2_B01_1.fq.gz	fastqs/lib04/CAP_FWY2_B01_2.fq.gz
lib04	1	CAP_FWY2_C02	fastqs/lib04/CAP_FWY2_C02_1.fq.gz	fastqs/lib04/CAP_FWY2_C02_2.fq.gz
lib04	1	CAP_FWY2_D01	fastqs/lib04/CAP_FWY2_D01_1.fq.gz	fastqs/lib04/CAP_FWY2_D01_2.fq.gz
lib04	1	CAP_FWY2_E02	fastqs/lib04/CAP_FWY2_E02_1.fq.gz	fastqs/lib04/CAP_FWY2_E02_2.fq.gz
lib04	1	CAP_BUL_A01	fastqs/lib04/CAP_BUL_A01_1.fq.gz	fastqs/lib04/CAP_BUL_A01_2.fq.gz
lib04	1	CAP_BUL_B03	fastqs/lib04/CAP_BUL_B03_1.fq.gz	fastqs/lib04/CAP_BUL_B03_2.fq.gz
lib04	1	CAP_BUL_D01	fastqs/lib04/CAP_BUL_D01_1.fq.gz	fastqs/lib04/CAP_BUL_D01_2.fq.gz
lib04	1	CAP_BUL_E01	fastqs/lib04/CAP_BUL_E01_1.fq.gz	fastqs/lib04/CAP_BUL_E01_2.fq.gz
lib04	1	CAP_BUL_G01	fastqs/lib04/CAP_BUL_G01_1.fq.gz	fastqs/lib04/CAP_BUL_G01_2.fq.gz
lib04	1	CAP_BUL_H01	fastqs/lib04/CAP_BUL_H01_1.fq.gz	fastqs/lib04/CAP_BUL_H01_2.fq.gz
lib04	1	CAP_BUL_I01	fastqs/lib04/CAP_BUL_I01_1.fq.gz	fastqs/lib04/CAP_BUL_I01_2.fq.gz
lib04	1	CAP_BUL_J02	fastqs/lib04/CAP_BUL_J02_1.fq.gz	fastqs/lib04/CAP_BUL_J02_2.fq.gz
lib04	1	CAP_BUL_K02	fastqs/lib04/CAP_BUL_K02_1.fq.gz	fastqs/lib04/CAP_BUL_K02_2.fq.gz
lib04	1	CAP_BUL_L02	fastqs/lib04/CAP_BUL_L02_1.fq.gz	fastqs/lib04/CAP_BUL_L02_2.fq.gz
lib04	1	CAP_BUL_M02	fastqs/lib04/CAP_BUL_M02_1.fq.gz	fastqs/lib04/CAP_BUL_M02_2.fq.gz
lib04	1	CAP_BUL_N01	fastqs/lib04/CAP_BUL_N01_1.fq.gz	fastqs/lib04/CAP_BUL_N01_2.fq.gz
lib05	1	211671	fastqs/lib05/211671_1.fq.gz	fastqs/lib05/211671_2.fq.gz
lib05	1	211647	fastqs/lib05/211647_1.fq.gz	fastqs/lib05/211647_2.fq.gz
lib05	1	211610	fastqs/lib05/211610_1.fq.gz	fastqs/lib05/211610_2.fq.gz
lib05	1	211621	fastqs/lib05/211621_1.fq.gz	fastqs/lib05/211621_2.fq.gz
lib05	1	211594	fastqs/lib05/211594_1.fq.gz	fastqs/lib05/211594_2.fq.gz
lib05	1	JME29AUG_11	fastqs/lib05/JME29AUG_11_1.fq.gz	fastqs/lib05/JME29AUG_11_2.fq.gz
lib05	1	JME29AUG_7	fastqs/lib05/JME29AUG_7_1.fq.gz	fastqs/lib05/JME29AUG_7_2.fq.gz
lib05	1	JME29AUG_9	fastqs/lib05/JME29AUG_9_1.fq.gz	fastqs/lib05/JME29AUG_9_2.fq.gz
lib05	1	211419	fastqs/lib05/211419_1.fq.gz	fastqs/lib05/211419_2.fq.gz
lib05	1	K16AUG17_01	fastqs/lib05/K16AUG17_01_1.fq.gz	fastqs/lib05/K16AUG17_01_2.fq.gz
lib05	1	KM11SEPT19_1X	fastqs/lib05/KM11SEPT19_1X_1.fq.gz	fastqs/lib05/KM11SEPT19_1X_2.fq.gz
lib05	1	KM11SEPT19_2X	fastqs/lib05/KM11SEPT19_2X_1.fq.gz	fastqs/lib05/KM11SEPT19_2X_2.fq.gz
lib05	1	16AUG22RAPR1BEAV	fastqs/lib05/16AUG22RAPR1BEAV_1.fq.gz	fastqs/lib05/16AUG22RAPR1BEAV_2.fq.gz
lib05	1	18AUG22BEAVRAPR10	fastqs/lib05/18AUG22BEAVRAPR10_1.fq.gz	fastqs/lib05/18AUG22BEAVRAPR10_2.fq.gz
lib05	1	18AUG22BEAVRAPR15	fastqs/lib05/18AUG22BEAVRAPR15_1.fq.gz	fastqs/lib05/18AUG22BEAVRAPR15_2.fq.gz
lib05	1	17AUG22CABINRAPR1	fastqs/lib05/17AUG22CABINRAPR1_1.fq.gz	fastqs/lib05/17AUG22CABINRAPR1_2.fq.gz
lib05	1	OSF_E64	fastqs/lib05/OSF_E64_1.fq.gz	fastqs/lib05/OSF_E64_2.fq.gz
lib05	1	OSF_E65	fastqs/lib05/OSF_E65_1.fq.gz	fastqs/lib05/OSF_E65_2.fq.gz
lib05	1	OSF_E66	fastqs/lib05/OSF_E66_1.fq.gz	fastqs/lib05/OSF_E66_2.fq.gz
lib05	1	OSF_E67	fastqs/lib05/OSF_E67_1.fq.gz	fastqs/lib05/OSF_E67_2.fq.gz
lib05	1	OSF_E68	fastqs/lib05/OSF_E68_1.fq.gz	fastqs/lib05/OSF_E68_2.fq.gz
lib05	1	OSF_E176	fastqs/lib05/OSF_E176_1.fq.gz	fastqs/lib05/OSF_E176_2.fq.gz
lib05	1	OSF_E177	fastqs/lib05/OSF_E177_1.fq.gz	fastqs/lib05/OSF_E177_2.fq.gz
lib05	1	OSF_E179	fastqs/lib05/OSF_E179_1.fq.gz	fastqs/lib05/OSF_E179_2.fq.gz
lib05	1	OSF_E182	fastqs/lib05/OSF_E182_1.fq.gz	fastqs/lib05/OSF_E182_2.fq.gz
lib05	1	OSF_E183	fastqs/lib05/OSF_E183_1.fq.gz	fastqs/lib05/OSF_E183_2.fq.gz
lib05	1	OSF_E293	fastqs/lib05/OSF_E293_1.fq.gz	fastqs/lib05/OSF_E293_2.fq.gz
lib05	1	OSF_E294	fastqs/lib05/OSF_E294_1.fq.gz	fastqs/lib05/OSF_E294_2.fq.gz
lib05	1	OSF_E296	fastqs/lib05/OSF_E296_1.fq.gz	fastqs/lib05/OSF_E296_2.fq.gz
lib05	1	OSF_E297	fastqs/lib05/OSF_E297_1.fq.gz	fastqs/lib05/OSF_E297_2.fq.gz
lib05	1	OSF_E298	fastqs/lib05/OSF_E298_1.fq.gz	fastqs/lib05/OSF_E298_2.fq.gz
lib05	1	OSF_E299	fastqs/lib05/OSF_E299_1.fq.gz	fastqs/lib05/OSF_E299_2.fq.gz
lib05	1	OSF_E303	fastqs/lib05/OSF_E303_1.fq.gz	fastqs/lib05/OSF_E303_2.fq.gz
lib05	1	OSF_E305	fastqs/lib05/OSF_E305_1.fq.gz	fastqs/lib05/OSF_E305_2.fq.gz
lib05	1	OSF_E308	fastqs/lib05/OSF_E308_1.fq.gz	fastqs/lib05/OSF_E308_2.fq.gz
lib05	1	OSF_E311	fastqs/lib05/OSF_E311_1.fq.gz	fastqs/lib05/OSF_E311_2.fq.gz
lib05	1	OSF_E406	fastqs/lib05/OSF_E406_1.fq.gz	fastqs/lib05/OSF_E406_2.fq.gz
lib05	1	OSF_E411	fastqs/lib05/OSF_E411_1.fq.gz	fastqs/lib05/OSF_E411_2.fq.gz
lib05	1	OSF_E412	fastqs/lib05/OSF_E412_1.fq.gz	fastqs/lib05/OSF_E412_2.fq.gz
lib05	1	OSF_E415	fastqs/lib05/OSF_E415_1.fq.gz	fastqs/lib05/OSF_E415_2.fq.gz
lib05	1	OSF_E416	fastqs/lib05/OSF_E416_1.fq.gz	fastqs/lib05/OSF_E416_2.fq.gz
lib05	1	OSF_ERAAU_4	fastqs/lib05/OSF_ERAAU_4_1.fq.gz	fastqs/lib05/OSF_ERAAU_4_2.fq.gz
lib05	1	18AUG22BEAV_RACA_1	fastqs/lib05/18AUG22BEAV_RACA_1_1.fq.gz	fastqs/lib05/18AUG22BEAV_RACA_1_2.fq.gz
lib05	1	CAP_BUL_R01	fastqs/lib05/CAP_BUL_R01_1.fq.gz	fastqs/lib05/CAP_BUL_R01_2.fq.gz
lib05	1	CAP_BUL_S01	fastqs/lib05/CAP_BUL_S01_1.fq.gz	fastqs/lib05/CAP_BUL_S01_2.fq.gz
lib05	1	CAP_BUL_T02	fastqs/lib05/CAP_BUL_T02_1.fq.gz	fastqs/lib05/CAP_BUL_T02_2.fq.gz
lib05	1	CAP_BUL_V02	fastqs/lib05/CAP_BUL_V02_1.fq.gz	fastqs/lib05/CAP_BUL_V02_2.fq.gz
lib05	1	CAP_BUL_W01	fastqs/lib05/CAP_BUL_W01_1.fq.gz	fastqs/lib05/CAP_BUL_W01_2.fq.gz
lib05	1	CAP_BUL_X02	fastqs/lib05/CAP_BUL_X02_1.fq.gz	fastqs/lib05/CAP_BUL_X02_2.fq.gz
lib05	1	CAP_NCP_A01	fastqs/lib05/CAP_NCP_A01_1.fq.gz	fastqs/lib05/CAP_NCP_A01_2.fq.gz
lib05	1	CAP_NCP_B01	fastqs/lib05/CAP_NCP_B01_1.fq.gz	fastqs/lib05/CAP_NCP_B01_2.fq.gz
lib05	1	CAP_NCP_D02	fastqs/lib05/CAP_NCP_D02_1.fq.gz	fastqs/lib05/CAP_NCP_D02_2.fq.gz
lib05	1	CAP_NCP_E03	fastqs/lib05/CAP_NCP_E03_1.fq.gz	fastqs/lib05/CAP_NCP_E03_2.fq.gz
lib05	1	CAP_NCP_F01	fastqs/lib05/CAP_NCP_F01_1.fq.gz	fastqs/lib05/CAP_NCP_F01_2.fq.gz
lib05	1	CAP_NCP_H01	fastqs/lib05/CAP_NCP_H01_1.fq.gz	fastqs/lib05/CAP_NCP_H01_2.fq.gz
lib05	1	CAP_NCP_I01	fastqs/lib05/CAP_NCP_I01_1.fq.gz	fastqs/lib05/CAP_NCP_I01_2.fq.gz
lib05	1	CAP_NCP_J02	fastqs/lib05/CAP_NCP_J02_1.fq.gz	fastqs/lib05/CAP_NCP_J02_2.fq.gz
lib05	1	CAP_NCP_K01	fastqs/lib05/CAP_NCP_K01_1.fq.gz	fastqs/lib05/CAP_NCP_K01_2.fq.gz
lib05	1	CAP_NCP_L01	fastqs/lib05/CAP_NCP_L01_1.fq.gz	fastqs/lib05/CAP_NCP_L01_2.fq.gz
lib05	1	CAP_NCP_M01	fastqs/lib05/CAP_NCP_M01_1.fq.gz	fastqs/lib05/CAP_NCP_M01_2.fq.gz
lib05	1	CAP_NCP_N01	fastqs/lib05/CAP_NCP_N01_1.fq.gz	fastqs/lib05/CAP_NCP_N01_2.fq.gz
lib05	1	CAP_NCP_P01	fastqs/lib05/CAP_NCP_P01_1.fq.gz	fastqs/lib05/CAP_NCP_P01_2.fq.gz
lib05	1	CAP_NCP_Q01	fastqs/lib05/CAP_NCP_Q01_1.fq.gz	fastqs/lib05/CAP_NCP_Q01_2.fq.gz
lib05	1	CAP_NCP_R01	fastqs/lib05/CAP_NCP_R01_1.fq.gz	fastqs/lib05/CAP_NCP_R01_2.fq.gz
lib05	1	CAP_NCP_S02	fastqs/lib05/CAP_NCP_S02_1.fq.gz	fastqs/lib05/CAP_NCP_S02_2.fq.gz
lib05	1	CAP_NCP_T02	fastqs/lib05/CAP_NCP_T02_1.fq.gz	fastqs/lib05/CAP_NCP_T02_2.fq.gz
lib05	1	CAP_NCP_V01	fastqs/lib05/CAP_NCP_V01_1.fq.gz	fastqs/lib05/CAP_NCP_V01_2.fq.gz
lib05	1	CAP_SRNT_K01	fastqs/lib05/CAP_SRNT_K01_1.fq.gz	fastqs/lib05/CAP_SRNT_K01_2.fq.gz
lib05	1	CAP_SRNT_L01	fastqs/lib05/CAP_SRNT_L01_1.fq.gz	fastqs/lib05/CAP_SRNT_L01_2.fq.gz
lib05	1	CAP_SRNT_M01	fastqs/lib05/CAP_SRNT_M01_1.fq.gz	fastqs/lib05/CAP_SRNT_M01_2.fq.gz
lib05	1	CAP_SRNT_N01	fastqs/lib05/CAP_SRNT_N01_1.fq.gz	fastqs/lib05/CAP_SRNT_N01_2.fq.gz
lib05	1	CAP_SRNT_O02	fastqs/lib05/CAP_SRNT_O02_1.fq.gz	fastqs/lib05/CAP_SRNT_O02_2.fq.gz
lib05	1	CAP_SRNT_R03	fastqs/lib05/CAP_SRNT_R03_1.fq.gz	fastqs/lib05/CAP_SRNT_R03_2.fq.gz
lib05	1	CAP_SRNT_S02	fastqs/lib05/CAP_SRNT_S02_1.fq.gz	fastqs/lib05/CAP_SRNT_S02_2.fq.gz
lib05	1	CAP_SRDP_A01	fastqs/lib05/CAP_SRDP_A01_1.fq.gz	fastqs/lib05/CAP_SRDP_A01_2.fq.gz
lib05	1	CAP_SRDP_B01	fastqs/lib05/CAP_SRDP_B01_1.fq.gz	fastqs/lib05/CAP_SRDP_B01_2.fq.gz
lib05	1	CAP_SRDP_C02	fastqs/lib05/CAP_SRDP_C02_1.fq.gz	fastqs/lib05/CAP_SRDP_C02_2.fq.gz
lib05	1	CAP_SRDP_D02	fastqs/lib05/CAP_SRDP_D02_1.fq.gz	fastqs/lib05/CAP_SRDP_D02_2.fq.gz
lib05	1	CAP_SRDP_E01	fastqs/lib05/CAP_SRDP_E01_1.fq.gz	fastqs/lib05/CAP_SRDP_E01_2.fq.gz
lib05	1	CAP_SRDP_F01	fastqs/lib05/CAP_SRDP_F01_1.fq.gz	fastqs/lib05/CAP_SRDP_F01_2.fq.gz
lib05	1	CAP_SRDP_G02	fastqs/lib05/CAP_SRDP_G02_1.fq.gz	fastqs/lib05/CAP_SRDP_G02_2.fq.gz
lib05	1	CAP_SRDP_H01	fastqs/lib05/CAP_SRDP_H01_1.fq.gz	fastqs/lib05/CAP_SRDP_H01_2.fq.gz
lib05	1	CAP_SRDP_I02	fastqs/lib05/CAP_SRDP_I02_1.fq.gz	fastqs/lib05/CAP_SRDP_I02_2.fq.gz
lib05	1	CAP_SRDP_J01	fastqs/lib05/CAP_SRDP_J01_1.fq.gz	fastqs/lib05/CAP_SRDP_J01_2.fq.gz
lib05	1	CAP_SRFW_A01	fastqs/lib05/CAP_SRFW_A01_1.fq.gz	fastqs/lib05/CAP_SRFW_A01_2.fq.gz
lib05	1	CAP_SRFW_B01	fastqs/lib05/CAP_SRFW_B01_1.fq.gz	fastqs/lib05/CAP_SRFW_B01_2.fq.gz
lib05	1	CAP_SRFW_C01	fastqs/lib05/CAP_SRFW_C01_1.fq.gz	fastqs/lib05/CAP_SRFW_C01_2.fq.gz
lib05	1	CAP_SRFW_D01	fastqs/lib05/CAP_SRFW_D01_1.fq.gz	fastqs/lib05/CAP_SRFW_D01_2.fq.gz
lib05	1	CAP_SRFW_E01	fastqs/lib05/CAP_SRFW_E01_1.fq.gz	fastqs/lib05/CAP_SRFW_E01_2.fq.gz
lib05	1	CAP_SRFW_F01	fastqs/lib05/CAP_SRFW_F01_1.fq.gz	fastqs/lib05/CAP_SRFW_F01_2.fq.gz
lib05	1	CAP_SRFW_G02	fastqs/lib05/CAP_SRFW_G02_1.fq.gz	fastqs/lib05/CAP_SRFW_G02_2.fq.gz
lib05	1	CAP_BIMA_A01	fastqs/lib05/CAP_BIMA_A01_1.fq.gz	fastqs/lib05/CAP_BIMA_A01_2.fq.gz
lib05	1	CAP_BIMA_B01	fastqs/lib05/CAP_BIMA_B01_1.fq.gz	fastqs/lib05/CAP_BIMA_B01_2.fq.gz
lib05	1	CAP_BIMA_C02	fastqs/lib05/CAP_BIMA_C02_1.fq.gz	fastqs/lib05/CAP_BIMA_C02_2.fq.gz
lib06	1	17AUG22CABINRAPR_2	fastqs/lib06/17AUG22CABINRAPR_2_1.fq.gz	fastqs/lib06/17AUG22CABINRAPR_2_2.fq.gz
lib06	1	17AUG22CABINRAPR_3	fastqs/lib06/17AUG22CABINRAPR_3_1.fq.gz	fastqs/lib06/17AUG22CABINRAPR_3_2.fq.gz
lib06	1	17AUG22CABINRAPR_4	fastqs/lib06/17AUG22CABINRAPR_4_1.fq.gz	fastqs/lib06/17AUG22CABINRAPR_4_2.fq.gz
lib06	1	16AUG22RAPR1_UN	fastqs/lib06/16AUG22RAPR1_UN_1.fq.gz	fastqs/lib06/16AUG22RAPR1_UN_2.fq.gz
lib06	1	16AUG22RAPR2_UN	fastqs/lib06/16AUG22RAPR2_UN_1.fq.gz	fastqs/lib06/16AUG22RAPR2_UN_2.fq.gz
lib06	1	16AUG22RAPR3_UN	fastqs/lib06/16AUG22RAPR3_UN_1.fq.gz	fastqs/lib06/16AUG22RAPR3_UN_2.fq.gz
lib06	1	16AUG22RAPR4_UN	fastqs/lib06/16AUG22RAPR4_UN_1.fq.gz	fastqs/lib06/16AUG22RAPR4_UN_2.fq.gz
lib06	1	16AUG22RAPR5_UN	fastqs/lib06/16AUG22RAPR5_UN_1.fq.gz	fastqs/lib06/16AUG22RAPR5_UN_2.fq.gz
lib06	1	17AUG22_UN_RAPR_10	fastqs/lib06/17AUG22_UN_RAPR_10_1.fq.gz	fastqs/lib06/17AUG22_UN_RAPR_10_2.fq.gz
lib06	1	17AUG22_UN_RAPR_6	fastqs/lib06/17AUG22_UN_RAPR_6_1.fq.gz	fastqs/lib06/17AUG22_UN_RAPR_6_2.fq.gz
lib06	1	17AUG22_UN_RAPR_8	fastqs/lib06/17AUG22_UN_RAPR_8_1.fq.gz	fastqs/lib06/17AUG22_UN_RAPR_8_2.fq.gz
lib06	1	17AUG22RAPR5	fastqs/lib06/17AUG22RAPR5_1.fq.gz	fastqs/lib06/17AUG22RAPR5_2.fq.gz
lib06	1	12JUL22_WINOPEE_2	fastqs/lib06/12JUL22_WINOPEE_2_1.fq.gz	fastqs/lib06/12JUL22_WINOPEE_2_2.fq.gz
lib06	1	210374	fastqs/lib06/210374_1.fq.gz	fastqs/lib06/210374_2.fq.gz
lib06	1	210469	fastqs/lib06/210469_1.fq.gz	fastqs/lib06/210469_2.fq.gz
lib06	1	210530	fastqs/lib06/210530_1.fq.gz	fastqs/lib06/210530_2.fq.gz
lib06	1	OSF_E69	fastqs/lib06/OSF_E69_1.fq.gz	fastqs/lib06/OSF_E69_2.fq.gz
lib06	1	OSF_E70	fastqs/lib06/OSF_E70_1.fq.gz	fastqs/lib06/OSF_E70_2.fq.gz
lib06	1	OSF_E71	fastqs/lib06/OSF_E71_1.fq.gz	fastqs/lib06/OSF_E71_2.fq.gz
lib06	1	OSF_E72	fastqs/lib06/OSF_E72_1.fq.gz	fastqs/lib06/OSF_E72_2.fq.gz
lib06	1	OSF_E85	fastqs/lib06/OSF_E85_1.fq.gz	fastqs/lib06/OSF_E85_2.fq.gz
lib06	1	OSF_E186	fastqs/lib06/OSF_E186_1.fq.gz	fastqs/lib06/OSF_E186_2.fq.gz
lib06	1	OSF_E187	fastqs/lib06/OSF_E187_1.fq.gz	fastqs/lib06/OSF_E187_2.fq.gz
lib06	1	OSF_E189	fastqs/lib06/OSF_E189_1.fq.gz	fastqs/lib06/OSF_E189_2.fq.gz
lib06	1	OSF_E190	fastqs/lib06/OSF_E190_1.fq.gz	fastqs/lib06/OSF_E190_2.fq.gz
lib06	1	OSF_E192	fastqs/lib06/OSF_E192_1.fq.gz	fastqs/lib06/OSF_E192_2.fq.gz
lib06	1	OSF_E313	fastqs/lib06/OSF_E313_1.fq.gz	fastqs/lib06/OSF_E313_2.fq.gz
lib06	1	OSF_E314	fastqs/lib06/OSF_E314_1.fq.gz	fastqs/lib06/OSF_E314_2.fq.gz
lib06	1	OSF_E315	fastqs/lib06/OSF_E315_1.fq.gz	fastqs/lib06/OSF_E315_2.fq.gz
lib06	1	OSF_E321	fastqs/lib06/OSF_E321_1.fq.gz	fastqs/lib06/OSF_E321_2.fq.gz
lib06	1	OSF_E322	fastqs/lib06/OSF_E322_1.fq.gz	fastqs/lib06/OSF_E322_2.fq.gz
lib06	1	OSF_E323	fastqs/lib06/OSF_E323_1.fq.gz	fastqs/lib06/OSF_E323_2.fq.gz
lib06	1	OSF_E324	fastqs/lib06/OSF_E324_1.fq.gz	fastqs/lib06/OSF_E324_2.fq.gz
lib06	1	OSF_E325	fastqs/lib06/OSF_E325_1.fq.gz	fastqs/lib06/OSF_E325_2.fq.gz
lib06	1	OSF_E326	fastqs/lib06/OSF_E326_1.fq.gz	fastqs/lib06/OSF_E326_2.fq.gz
lib06	1	OSF_E327	fastqs/lib06/OSF_E327_1.fq.gz	fastqs/lib06/OSF_E327_2.fq.gz
lib06	1	OSF_E417	fastqs/lib06/OSF_E417_1.fq.gz	fastqs/lib06/OSF_E417_2.fq.gz
lib06	1	OSF_E419	fastqs/lib06/OSF_E419_1.fq.gz	fastqs/lib06/OSF_E419_2.fq.gz
lib06	1	OSF_E423	fastqs/lib06/OSF_E423_1.fq.gz	fastqs/lib06/OSF_E423_2.fq.gz
lib06	1	OSF_E426	fastqs/lib06/OSF_E426_1.fq.gz	fastqs/lib06/OSF_E426_2.fq.gz
lib06	1	OSF_E427	fastqs/lib06/OSF_E427_1.fq.gz	fastqs/lib06/OSF_E427_2.fq.gz
lib06	1	OSF_ERAAU_5	fastqs/lib06/OSF_ERAAU_5_1.fq.gz	fastqs/lib06/OSF_ERAAU_5_2.fq.gz
lib06	1	18AUG22BEAV_RACA4	fastqs/lib06/18AUG22BEAV_RACA4_1.fq.gz	fastqs/lib06/18AUG22BEAV_RACA4_2.fq.gz
lib06	1	CAP_BIMA_F02	fastqs/lib06/CAP_BIMA_F02_1.fq.gz	fastqs/lib06/CAP_BIMA_F02_2.fq.gz
lib06	1	CAP_BIMA_G02	fastqs/lib06/CAP_BIMA_G02_1.fq.gz	fastqs/lib06/CAP_BIMA_G02_2.fq.gz
lib06	1	CAP_BIMA_H02	fastqs/lib06/CAP_BIMA_H02_1.fq.gz	fastqs/lib06/CAP_BIMA_H02_2.fq.gz
lib06	1	CAP_BIMA_I02	fastqs/lib06/CAP_BIMA_I02_1.fq.gz	fastqs/lib06/CAP_BIMA_I02_2.fq.gz
lib06	1	CAP_BIMA_L02	fastqs/lib06/CAP_BIMA_L02_1.fq.gz	fastqs/lib06/CAP_BIMA_L02_2.fq.gz
lib06	1	CAP_BIMA_O01	fastqs/lib06/CAP_BIMA_O01_1.fq.gz	fastqs/lib06/CAP_BIMA_O01_2.fq.gz
lib06	1	CAP_BIMA_P01	fastqs/lib06/CAP_BIMA_P01_1.fq.gz	fastqs/lib06/CAP_BIMA_P01_2.fq.gz
lib06	1	CAP_BIMA_Q01	fastqs/lib06/CAP_BIMA_Q01_1.fq.gz	fastqs/lib06/CAP_BIMA_Q01_2.fq.gz
lib06	1	CAP_BIMA_S02	fastqs/lib06/CAP_BIMA_S02_1.fq.gz	fastqs/lib06/CAP_BIMA_S02_2.fq.gz
lib06	1	CAP_BIMA_T01	fastqs/lib06/CAP_BIMA_T01_1.fq.gz	fastqs/lib06/CAP_BIMA_T01_2.fq.gz
lib06	1	CAP_BIMA_U02	fastqs/lib06/CAP_BIMA_U02_1.fq.gz	fastqs/lib06/CAP_BIMA_U02_2.fq.gz
lib06	1	CAP_BIMA_X02	fastqs/lib06/CAP_BIMA_X02_1.fq.gz	fastqs/lib06/CAP_BIMA_X02_2.fq.gz
lib06	1	CAP_BIMA_CC02	fastqs/lib06/CAP_BIMA_CC02_1.fq.gz	fastqs/lib06/CAP_BIMA_CC02_2.fq.gz
lib06	1	CAP_LHS_A01	fastqs/lib06/CAP_LHS_A01_1.fq.gz	fastqs/lib06/CAP_LHS_A01_2.fq.gz
lib06	1	CAP_LHS_B01	fastqs/lib06/CAP_LHS_B01_1.fq.gz	fastqs/lib06/CAP_LHS_B01_2.fq.gz
lib06	1	CAP_LHS_C01	fastqs/lib06/CAP_LHS_C01_1.fq.gz	fastqs/lib06/CAP_LHS_C01_2.fq.gz
lib06	1	CAP_LHS_D01	fastqs/lib06/CAP_LHS_D01_1.fq.gz	fastqs/lib06/CAP_LHS_D01_2.fq.gz
lib06	1	CAP_LDBO_A01	fastqs/lib06/CAP_LDBO_A01_1.fq.gz	fastqs/lib06/CAP_LDBO_A01_2.fq.gz
lib06	1	CAP_LDBO_B01	fastqs/lib06/CAP_LDBO_B01_1.fq.gz	fastqs/lib06/CAP_LDBO_B01_2.fq.gz
lib06	1	CAP_LDBO_C02	fastqs/lib06/CAP_LDBO_C02_1.fq.gz	fastqs/lib06/CAP_LDBO_C02_2.fq.gz
lib06	1	CAP_LDBO_E01	fastqs/lib06/CAP_LDBO_E01_1.fq.gz	fastqs/lib06/CAP_LDBO_E01_2.fq.gz
lib06	1	CAP_LDBO_F01	fastqs/lib06/CAP_LDBO_F01_1.fq.gz	fastqs/lib06/CAP_LDBO_F01_2.fq.gz
lib06	1	CAP_USGS_LDBO_G01	fastqs/lib06/CAP_USGS_LDBO_G01_1.fq.gz	fastqs/lib06/CAP_USGS_LDBO_G01_2.fq.gz
lib06	1	CAP_LDBP_A01	fastqs/lib06/CAP_LDBP_A01_1.fq.gz	fastqs/lib06/CAP_LDBP_A01_2.fq.gz
lib06	1	CAP_LDBP_B02	fastqs/lib06/CAP_LDBP_B02_1.fq.gz	fastqs/lib06/CAP_LDBP_B02_2.fq.gz
lib06	1	CAP_LDBP_C01	fastqs/lib06/CAP_LDBP_C01_1.fq.gz	fastqs/lib06/CAP_LDBP_C01_2.fq.gz
lib06	1	CAP_LDBP_D01	fastqs/lib06/CAP_LDBP_D01_1.fq.gz	fastqs/lib06/CAP_LDBP_D01_2.fq.gz
lib06	1	CAP_LDBP_E01	fastqs/lib06/CAP_LDBP_E01_1.fq.gz	fastqs/lib06/CAP_LDBP_E01_2.fq.gz
lib06	1	CAP_LDBP_F01	fastqs/lib06/CAP_LDBP_F01_1.fq.gz	fastqs/lib06/CAP_LDBP_F01_2.fq.gz
lib06	1	CAP_RDMP_A02	fastqs/lib06/CAP_RDMP_A02_1.fq.gz	fastqs/lib06/CAP_RDMP_A02_2.fq.gz
lib06	1	CAP_RDMP_B01	fastqs/lib06/CAP_RDMP_B01_1.fq.gz	fastqs/lib06/CAP_RDMP_B01_2.fq.gz
lib06	1	CAP_RDMP_C02	fastqs/lib06/CAP_RDMP_C02_1.fq.gz	fastqs/lib06/CAP_RDMP_C02_2.fq.gz
lib06	1	CAP_RDMP_D01	fastqs/lib06/CAP_RDMP_D01_1.fq.gz	fastqs/lib06/CAP_RDMP_D01_2.fq.gz
lib06	1	CAP_RDMP_E02	fastqs/lib06/CAP_RDMP_E02_1.fq.gz	fastqs/lib06/CAP_RDMP_E02_2.fq.gz
lib06	1	CAP_RDMP_G01	fastqs/lib06/CAP_RDMP_G01_1.fq.gz	fastqs/lib06/CAP_RDMP_G01_2.fq.gz
lib06	1	CAP_RDMP_H03	fastqs/lib06/CAP_RDMP_H03_1.fq.gz	fastqs/lib06/CAP_RDMP_H03_2.fq.gz
lib06	1	CAP_RDMP_I01	fastqs/lib06/CAP_RDMP_I01_1.fq.gz	fastqs/lib06/CAP_RDMP_I01_2.fq.gz
lib06	1	CAP_USGS_EFSOX_A01	fastqs/lib06/CAP_USGS_EFSOX_A01_1.fq.gz	fastqs/lib06/CAP_USGS_EFSOX_A01_2.fq.gz
lib06	1	CAP_USGS_EFSOX_B01	fastqs/lib06/CAP_USGS_EFSOX_B01_1.fq.gz	fastqs/lib06/CAP_USGS_EFSOX_B01_2.fq.gz
lib06	1	CAP_USGS_EFSOX_C01	fastqs/lib06/CAP_USGS_EFSOX_C01_1.fq.gz	fastqs/lib06/CAP_USGS_EFSOX_C01_2.fq.gz
lib06	1	CAP_USGS_EFSOX_D01	fastqs/lib06/CAP_USGS_EFSOX_D01_1.fq.gz	fastqs/lib06/CAP_USGS_EFSOX_D01_2.fq.gz
lib06	1	CAP_USGS_EFSOX_E01	fastqs/lib06/CAP_USGS_EFSOX_E01_1.fq.gz	fastqs/lib06/CAP_USGS_EFSOX_E01_2.fq.gz
lib06	1	CAP_USGS_EFSOX_F01	fastqs/lib06/CAP_USGS_EFSOX_F01_1.fq.gz	fastqs/lib06/CAP_USGS_EFSOX_F01_2.fq.gz
lib06	1	CAP_USGS_EFSOX_G01	fastqs/lib06/CAP_USGS_EFSOX_G01_1.fq.gz	fastqs/lib06/CAP_USGS_EFSOX_G01_2.fq.gz
lib06	1	CAP_USGS_EFSOX_H01	fastqs/lib06/CAP_USGS_EFSOX_H01_1.fq.gz	fastqs/lib06/CAP_USGS_EFSOX_H01_2.fq.gz
lib06	1	CAP_CTNO_A02	fastqs/lib06/CAP_CTNO_A02_1.fq.gz	fastqs/lib06/CAP_CTNO_A02_2.fq.gz
lib06	1	CAP_CTMO_B01	fastqs/lib06/CAP_CTMO_B01_1.fq.gz	fastqs/lib06/CAP_CTMO_B01_2.fq.gz
lib06	1	CAP_CTMO_D01	fastqs/lib06/CAP_CTMO_D01_1.fq.gz	fastqs/lib06/CAP_CTMO_D01_2.fq.gz
lib06	1	CAP_CTWO_A01	fastqs/lib06/CAP_CTWO_A01_1.fq.gz	fastqs/lib06/CAP_CTWO_A01_2.fq.gz
lib06	1	CAP_CTWOB_A01	fastqs/lib06/CAP_CTWOB_A01_1.fq.gz	fastqs/lib06/CAP_CTWOB_A01_2.fq.gz
lib06	1	CAP_MEXC_A01	fastqs/lib06/CAP_MEXC_A01_1.fq.gz	fastqs/lib06/CAP_MEXC_A01_2.fq.gz
lib07	1	USGS_210631	fastqs/lib07/USGS_210631_1.fq.gz	fastqs/lib07/USGS_210631_2.fq.gz
lib07	1	USGS_210736	fastqs/lib07/USGS_210736_1.fq.gz	fastqs/lib07/USGS_210736_2.fq.gz
lib07	1	USGS_210754	fastqs/lib07/USGS_210754_1.fq.gz	fastqs/lib07/USGS_210754_2.fq.gz
lib07	1	USGS_211813	fastqs/lib07/USGS_211813_1.fq.gz	fastqs/lib07/USGS_211813_2.fq.gz
lib07	1	USGS_221631	fastqs/lib07/USGS_221631_1.fq.gz	fastqs/lib07/USGS_221631_2.fq.gz
lib07	1	USGS_221843	fastqs/lib07/USGS_221843_1.fq.gz	fastqs/lib07/USGS_221843_2.fq.gz
lib07	1	USGS_221870	fastqs/lib07/USGS_221870_1.fq.gz	fastqs/lib07/USGS_221870_2.fq.gz
lib07	1	USGS_221891	fastqs/lib07/USGS_221891_1.fq.gz	fastqs/lib07/USGS_221891_2.fq.gz
lib07	1	USGS_221905	fastqs/lib07/USGS_221905_1.fq.gz	fastqs/lib07/USGS_221905_2.fq.gz
lib07	1	USGS_221920	fastqs/lib07/USGS_221920_1.fq.gz	fastqs/lib07/USGS_221920_2.fq.gz
lib07	1	USGS_220198	fastqs/lib07/USGS_220198_1.fq.gz	fastqs/lib07/USGS_220198_2.fq.gz
lib07	1	SCE1AUG17_03	fastqs/lib07/SCE1AUG17_03_1.fq.gz	fastqs/lib07/SCE1AUG17_03_2.fq.gz
lib07	1	SCE1AUG17_05	fastqs/lib07/SCE1AUG17_05_1.fq.gz	fastqs/lib07/SCE1AUG17_05_2.fq.gz
lib07	1	SCE1AUG17_26	fastqs/lib07/SCE1AUG17_26_1.fq.gz	fastqs/lib07/SCE1AUG17_26_2.fq.gz
lib07	1	SCE2AUG17_31	fastqs/lib07/SCE2AUG17_31_1.fq.gz	fastqs/lib07/SCE2AUG17_31_2.fq.gz
lib07	1	SCE2AUG17_32	fastqs/lib07/SCE2AUG17_32_1.fq.gz	fastqs/lib07/SCE2AUG17_32_2.fq.gz
lib07	1	OSF_E86	fastqs/lib07/OSF_E86_1.fq.gz	fastqs/lib07/OSF_E86_2.fq.gz
lib07	1	OSF_E88	fastqs/lib07/OSF_E88_1.fq.gz	fastqs/lib07/OSF_E88_2.fq.gz
lib07	1	OSF_E89	fastqs/lib07/OSF_E89_1.fq.gz	fastqs/lib07/OSF_E89_2.fq.gz
lib07	1	OSF_E91	fastqs/lib07/OSF_E91_1.fq.gz	fastqs/lib07/OSF_E91_2.fq.gz
lib07	1	OSF_E94	fastqs/lib07/OSF_E94_1.fq.gz	fastqs/lib07/OSF_E94_2.fq.gz
lib07	1	OSF_E198	fastqs/lib07/OSF_E198_1.fq.gz	fastqs/lib07/OSF_E198_2.fq.gz
lib07	1	OSF_E200	fastqs/lib07/OSF_E200_1.fq.gz	fastqs/lib07/OSF_E200_2.fq.gz
lib07	1	OSF_E201	fastqs/lib07/OSF_E201_1.fq.gz	fastqs/lib07/OSF_E201_2.fq.gz
lib07	1	OSF_E208	fastqs/lib07/OSF_E208_1.fq.gz	fastqs/lib07/OSF_E208_2.fq.gz
lib07	1	OSF_E217	fastqs/lib07/OSF_E217_1.fq.gz	fastqs/lib07/OSF_E217_2.fq.gz
lib07	1	OSF_E328	fastqs/lib07/OSF_E328_1.fq.gz	fastqs/lib07/OSF_E328_2.fq.gz
lib07	1	OSF_E329	fastqs/lib07/OSF_E329_1.fq.gz	fastqs/lib07/OSF_E329_2.fq.gz
lib07	1	OSF_E330	fastqs/lib07/OSF_E330_1.fq.gz	fastqs/lib07/OSF_E330_2.fq.gz
lib07	1	OSF_E331	fastqs/lib07/OSF_E331_1.fq.gz	fastqs/lib07/OSF_E331_2.fq.gz
lib07	1	OSF_E332	fastqs/lib07/OSF_E332_1.fq.gz	fastqs/lib07/OSF_E332_2.fq.gz
lib07	1	OSF_E333	fastqs/lib07/OSF_E333_1.fq.gz	fastqs/lib07/OSF_E333_2.fq.gz
lib07	1	OSF_E334	fastqs/lib07/OSF_E334_1.fq.gz	fastqs/lib07/OSF_E334_2.fq.gz
lib07	1	OSF_E335	fastqs/lib07/OSF_E335_1.fq.gz	fastqs/lib07/OSF_E335_2.fq.gz
lib07	1	OSF_E336	fastqs/lib07/OSF_E336_1.fq.gz	fastqs/lib07/OSF_E336_2.fq.gz
lib07	1	OSF_E337	fastqs/lib07/OSF_E337_1.fq.gz	fastqs/lib07/OSF_E337_2.fq.gz
lib07	1	OSF_E428	fastqs/lib07/OSF_E428_1.fq.gz	fastqs/lib07/OSF_E428_2.fq.gz
lib07	1	OSF_E429	fastqs/lib07/OSF_E429_1.fq.gz	fastqs/lib07/OSF_E429_2.fq.gz
lib07	1	OSF_E430	fastqs/lib07/OSF_E430_1.fq.gz	fastqs/lib07/OSF_E430_2.fq.gz
lib07	1	OSF_E431	fastqs/lib07/OSF_E431_1.fq.gz	fastqs/lib07/OSF_E431_2.fq.gz
lib07	1	OSF_E432	fastqs/lib07/OSF_E432_1.fq.gz	fastqs/lib07/OSF_E432_2.fq.gz
lib07	1	CAP_MEXC_B02	fastqs/lib07/CAP_MEXC_B02_1.fq.gz	fastqs/lib07/CAP_MEXC_B02_2.fq.gz
lib07	1	CAP_MEXC_C03_R	fastqs/lib07/CAP_MEXC_C03_R_1.fq.gz	fastqs/lib07/CAP_MEXC_C03_R_2.fq.gz
lib07	1	CAP_MEXC_D02	fastqs/lib07/CAP_MEXC_D02_1.fq.gz	fastqs/lib07/CAP_MEXC_D02_2.fq.gz
lib07	1	CAP_MEXC_E03	fastqs/lib07/CAP_MEXC_E03_1.fq.gz	fastqs/lib07/CAP_MEXC_E03_2.fq.gz
lib07	1	CAP_MEXC_F03	fastqs/lib07/CAP_MEXC_F03_1.fq.gz	fastqs/lib07/CAP_MEXC_F03_2.fq.gz
lib07	1	CAP_P5N_A01	fastqs/lib07/CAP_P5N_A01_1.fq.gz	fastqs/lib07/CAP_P5N_A01_2.fq.gz
lib07	1	CAP_P5N_B01	fastqs/lib07/CAP_P5N_B01_1.fq.gz	fastqs/lib07/CAP_P5N_B01_2.fq.gz
lib07	1	CAP_P5N_C02	fastqs/lib07/CAP_P5N_C02_1.fq.gz	fastqs/lib07/CAP_P5N_C02_2.fq.gz
lib07	1	CAP_P5N_D01	fastqs/lib07/CAP_P5N_D01_1.fq.gz	fastqs/lib07/CAP_P5N_D01_2.fq.gz
lib07	1	CAP_P5N_E01	fastqs/lib07/CAP_P5N_E01_1.fq.gz	fastqs/lib07/CAP_P5N_E01_2.fq.gz
lib07	1	CAP_P5N_F02	fastqs/lib07/CAP_P5N_F02_1.fq.gz	fastqs/lib07/CAP_P5N_F02_2.fq.gz
lib07	1	CAP_P5N_G01	fastqs/lib07/CAP_P5N_G01_1.fq.gz	fastqs/lib07/CAP_P5N_G01_2.fq.gz
lib07	1	CAP_P5N_H01	fastqs/lib07/CAP_P5N_H01_1.fq.gz	fastqs/lib07/CAP_P5N_H01_2.fq.gz
lib07	1	CAP_P5N_I01	fastqs/lib07/CAP_P5N_I01_1.fq.gz	fastqs/lib07/CAP_P5N_I01_2.fq.gz
lib07	1	CAP_P5N_J01	fastqs/lib07/CAP_P5N_J01_1.fq.gz	fastqs/lib07/CAP_P5N_J01_2.fq.gz
lib07	1	CAP_P5N_K01	fastqs/lib07/CAP_P5N_K01_1.fq.gz	fastqs/lib07/CAP_P5N_K01_2.fq.gz
lib07	1	Farris_EM1_C	fastqs/lib07/Farris_EM1_C_1.fq.gz	fastqs/lib07/Farris_EM1_C_2.fq.gz
lib07	1	ParsnipLkBeavPondSiteB2	fastqs/lib07/ParsnipLkBeavPondSiteB2_1.fq.gz	fastqs/lib07/ParsnipLkBeavPondSiteB2_2.fq.gz
lib07	1	ParsnipLkBeavPondSiteB3	fastqs/lib07/ParsnipLkBeavPondSiteB3_1.fq.gz	fastqs/lib07/ParsnipLkBeavPondSiteB3_2.fq.gz
lib07	1	ParsnipLkBeavPondSiteB4	fastqs/lib07/ParsnipLkBeavPondSiteB4_1.fq.gz	fastqs/lib07/ParsnipLkBeavPondSiteB4_2.fq.gz
lib07	1	ParsnipLkBeavPondSiteB7	fastqs/lib07/ParsnipLkBeavPondSiteB7_1.fq.gz	fastqs/lib07/ParsnipLkBeavPondSiteB7_2.fq.gz
lib07	1	ParsnipLkBeavPondSiteB8	fastqs/lib07/ParsnipLkBeavPondSiteB8_1.fq.gz	fastqs/lib07/ParsnipLkBeavPondSiteB8_2.fq.gz
lib07	1	ParsnipLkBeavPondSiteB10	fastqs/lib07/ParsnipLkBeavPondSiteB10_1.fq.gz	fastqs/lib07/ParsnipLkBeavPondSiteB10_2.fq.gz
lib07	1	ParsnipLkBeavPondSiteB11	fastqs/lib07/ParsnipLkBeavPondSiteB11_1.fq.gz	fastqs/lib07/ParsnipLkBeavPondSiteB11_2.fq.gz
lib07	1	ParsnipLkBeavPondSiteB12	fastqs/lib07/ParsnipLkBeavPondSiteB12_1.fq.gz	fastqs/lib07/ParsnipLkBeavPondSiteB12_2.fq.gz
lib07	1	ParsnipLkBeavPondSiteB14	fastqs/lib07/ParsnipLkBeavPondSiteB14_1.fq.gz	fastqs/lib07/ParsnipLkBeavPondSiteB14_2.fq.gz
lib07	1	ParsnipLkBeavPondSiteA1	fastqs/lib07/ParsnipLkBeavPondSiteA1_1.fq.gz	fastqs/lib07/ParsnipLkBeavPondSiteA1_2.fq.gz
lib07	1	ParsnipLkBeavPondSiteA2	fastqs/lib07/ParsnipLkBeavPondSiteA2_1.fq.gz	fastqs/lib07/ParsnipLkBeavPondSiteA2_2.fq.gz
lib07	1	ParsnipLkLowerMarsh1	fastqs/lib07/ParsnipLkLowerMarsh1_1.fq.gz	fastqs/lib07/ParsnipLkLowerMarsh1_2.fq.gz
lib07	1	ParsnipLkMiddlePond1	fastqs/lib07/ParsnipLkMiddlePond1_1.fq.gz	fastqs/lib07/ParsnipLkMiddlePond1_2.fq.gz
lib07	1	D1547Crane	fastqs/lib07/D1547Crane_1.fq.gz	fastqs/lib07/D1547Crane_2.fq.gz
lib07	1	Crane44536	fastqs/lib07/Crane44536_1.fq.gz	fastqs/lib07/Crane44536_2.fq.gz
lib07	1	Crane3734A	fastqs/lib07/Crane3734A_1.fq.gz	fastqs/lib07/Crane3734A_2.fq.gz
lib07	1	Crane36C6B	fastqs/lib07/Crane36C6B_1.fq.gz	fastqs/lib07/Crane36C6B_2.fq.gz
lib07	1	A5003Crane	fastqs/lib07/A5003Crane_1.fq.gz	fastqs/lib07/A5003Crane_2.fq.gz
lib07	1	Crane87C6B	fastqs/lib07/Crane87C6B_1.fq.gz	fastqs/lib07/Crane87C6B_2.fq.gz
lib07	1	Crane63F52	fastqs/lib07/Crane63F52_1.fq.gz	fastqs/lib07/Crane63F52_2.fq.gz
lib07	1	Crane40354	fastqs/lib07/Crane40354_1.fq.gz	fastqs/lib07/Crane40354_2.fq.gz
lib07	1	Crane3293A	fastqs/lib07/Crane3293A_1.fq.gz	fastqs/lib07/Crane3293A_2.fq.gz
lib07	1	Crane21240	fastqs/lib07/Crane21240_1.fq.gz	fastqs/lib07/Crane21240_2.fq.gz
lib07	1	Crane03EO3	fastqs/lib07/Crane03EO3_1.fq.gz	fastqs/lib07/Crane03EO3_2.fq.gz
lib07	1	A7466Crane	fastqs/lib07/A7466Crane_1.fq.gz	fastqs/lib07/A7466Crane_2.fq.gz
lib07	1	A4470Crane	fastqs/lib07/A4470Crane_1.fq.gz	fastqs/lib07/A4470Crane_2.fq.gz
lib07	1	E5C0ACrane	fastqs/lib07/E5C0ACrane_1.fq.gz	fastqs/lib07/E5C0ACrane_2.fq.gz
lib07	1	Crane9082A	fastqs/lib07/Crane9082A_1.fq.gz	fastqs/lib07/Crane9082A_2.fq.gz
lib07	1	Crane3156C	fastqs/lib07/Crane3156C_1.fq.gz	fastqs/lib07/Crane3156C_2.fq.gz
lib07	1	CrPh2_sw_1_26_Apr_12_A	fastqs/lib07/CrPh2_sw_1_26_Apr_12_A_1.fq.gz	fastqs/lib07/CrPh2_sw_1_26_Apr_12_A_2.fq.gz
lib07	1	CrPh2_D_4_A	fastqs/lib07/CrPh2_D_4_A_1.fq.gz	fastqs/lib07/CrPh2_D_4_A_2.fq.gz
lib07	1	CrPh2_5_A	fastqs/lib07/CrPh2_5_A_1.fq.gz	fastqs/lib07/CrPh2_5_A_2.fq.gz
lib07	1	CrPh2_D_7_26_Apr_12_A	fastqs/lib07/CrPh2_D_7_26_Apr_12_A_1.fq.gz	fastqs/lib07/CrPh2_D_7_26_Apr_12_A_2.fq.gz
lib07	1	CrPh2_9_A	fastqs/lib07/CrPh2_9_A_1.fq.gz	fastqs/lib07/CrPh2_9_A_2.fq.gz
lib07	1	CrPh2_D_10_26_Apr_12_A	fastqs/lib07/CrPh2_D_10_26_Apr_12_A_1.fq.gz	fastqs/lib07/CrPh2_D_10_26_Apr_12_A_2.fq.gz
lib07	1	CrPh2_D_11_A	fastqs/lib07/CrPh2_D_11_A_1.fq.gz	fastqs/lib07/CrPh2_D_11_A_2.fq.gz
lib08	1	USGS_210049	fastqs/lib08/USGS_210049_1.fq.gz	fastqs/lib08/USGS_210049_2.fq.gz
lib08	1	USGS_210101	fastqs/lib08/USGS_210101_1.fq.gz	fastqs/lib08/USGS_210101_2.fq.gz
lib08	1	USGS_210114	fastqs/lib08/USGS_210114_1.fq.gz	fastqs/lib08/USGS_210114_2.fq.gz
lib08	1	USGS_210127	fastqs/lib08/USGS_210127_1.fq.gz	fastqs/lib08/USGS_210127_2.fq.gz
lib08	1	USGS_210151	fastqs/lib08/USGS_210151_1.fq.gz	fastqs/lib08/USGS_210151_2.fq.gz
lib08	1	USGS_210168	fastqs/lib08/USGS_210168_1.fq.gz	fastqs/lib08/USGS_210168_2.fq.gz
lib08	1	USGS_210260	fastqs/lib08/USGS_210260_1.fq.gz	fastqs/lib08/USGS_210260_2.fq.gz
lib08	1	USGS_210281	fastqs/lib08/USGS_210281_1.fq.gz	fastqs/lib08/USGS_210281_2.fq.gz
lib08	1	USGS_210288	fastqs/lib08/USGS_210288_1.fq.gz	fastqs/lib08/USGS_210288_2.fq.gz
lib08	1	USGS_211563	fastqs/lib08/USGS_211563_1.fq.gz	fastqs/lib08/USGS_211563_2.fq.gz
lib08	1	USGS_220435	fastqs/lib08/USGS_220435_1.fq.gz	fastqs/lib08/USGS_220435_2.fq.gz
lib08	1	USGS_220327	fastqs/lib08/USGS_220327_1.fq.gz	fastqs/lib08/USGS_220327_2.fq.gz
lib08	1	USGS_210015	fastqs/lib08/USGS_210015_1.fq.gz	fastqs/lib08/USGS_210015_2.fq.gz
lib08	1	USGS_222199	fastqs/lib08/USGS_222199_1.fq.gz	fastqs/lib08/USGS_222199_2.fq.gz
lib08	1	USGS_222225	fastqs/lib08/USGS_222225_1.fq.gz	fastqs/lib08/USGS_222225_2.fq.gz
lib08	1	BP26JUN19_2_RAPR_U	fastqs/lib08/BP26JUN19_2_RAPR_U_1.fq.gz	fastqs/lib08/BP26JUN19_2_RAPR_U_2.fq.gz
lib08	1	BP26JUN19_4_RAPR_U	fastqs/lib08/BP26JUN19_4_RAPR_U_1.fq.gz	fastqs/lib08/BP26JUN19_4_RAPR_U_2.fq.gz
lib08	1	USGS_221121	fastqs/lib08/USGS_221121_1.fq.gz	fastqs/lib08/USGS_221121_2.fq.gz
lib08	1	USGS_212134	fastqs/lib08/USGS_212134_1.fq.gz	fastqs/lib08/USGS_212134_2.fq.gz
lib08	1	HOGCRWHTHSE212407	fastqs/lib08/HOGCRWHTHSE212407_1.fq.gz	fastqs/lib08/HOGCRWHTHSE212407_2.fq.gz
lib08	1	HOG_WH01_212130	fastqs/lib08/HOG_WH01_212130_1.fq.gz	fastqs/lib08/HOG_WH01_212130_2.fq.gz
lib08	1	HOG_WH02_212131	fastqs/lib08/HOG_WH02_212131_1.fq.gz	fastqs/lib08/HOG_WH02_212131_2.fq.gz
lib08	1	HOG_WH04_212133	fastqs/lib08/HOG_WH04_212133_1.fq.gz	fastqs/lib08/HOG_WH04_212133_2.fq.gz
lib08	1	RAPRF_1_KC_19JUN19	fastqs/lib08/RAPRF_1_KC_19JUN19_1.fq.gz	fastqs/lib08/RAPRF_1_KC_19JUN19_2.fq.gz
lib08	1	USGS_211940	fastqs/lib08/USGS_211940_1.fq.gz	fastqs/lib08/USGS_211940_2.fq.gz
lib08	1	USGS_211958	fastqs/lib08/USGS_211958_1.fq.gz	fastqs/lib08/USGS_211958_2.fq.gz
lib08	1	USGS_211927	fastqs/lib08/USGS_211927_1.fq.gz	fastqs/lib08/USGS_211927_2.fq.gz
lib08	1	USGS_211740	fastqs/lib08/USGS_211740_1.fq.gz	fastqs/lib08/USGS_211740_2.fq.gz
lib08	1	USGS_211804	fastqs/lib08/USGS_211804_1.fq.gz	fastqs/lib08/USGS_211804_2.fq.gz
lib08	1	USGS_212180	fastqs/lib08/USGS_212180_1.fq.gz	fastqs/lib08/USGS_212180_2.fq.gz
lib08	1	USGS_212197	fastqs/lib08/USGS_212197_1.fq.gz	fastqs/lib08/USGS_212197_2.fq.gz
lib08	1	USGS_220141	fastqs/lib08/USGS_220141_1.fq.gz	fastqs/lib08/USGS_220141_2.fq.gz
lib08	1	USGS_220182	fastqs/lib08/USGS_220182_1.fq.gz	fastqs/lib08/USGS_220182_2.fq.gz
lib08	1	USGS_221071	fastqs/lib08/USGS_221071_1.fq.gz	fastqs/lib08/USGS_221071_2.fq.gz
lib08	1	USGS_220944	fastqs/lib08/USGS_220944_1.fq.gz	fastqs/lib08/USGS_220944_2.fq.gz
lib08	1	USGS_221056	fastqs/lib08/USGS_221056_1.fq.gz	fastqs/lib08/USGS_221056_2.fq.gz
lib08	1	USGS_220975	fastqs/lib08/USGS_220975_1.fq.gz	fastqs/lib08/USGS_220975_2.fq.gz
lib08	1	USGS_220915	fastqs/lib08/USGS_220915_1.fq.gz	fastqs/lib08/USGS_220915_2.fq.gz
lib08	1	USGS_220689	fastqs/lib08/USGS_220689_1.fq.gz	fastqs/lib08/USGS_220689_2.fq.gz
lib08	1	LCL11JUL19_1_RAPR_F	fastqs/lib08/LCL11JUL19_1_RAPR_F_1.fq.gz	fastqs/lib08/LCL11JUL19_1_RAPR_F_2.fq.gz
lib08	1	RAPR_CRANE_1_20SEPT22	fastqs/lib08/RAPR_CRANE_1_20SEPT22_1.fq.gz	fastqs/lib08/RAPR_CRANE_1_20SEPT22_2.fq.gz
lib08	1	RAPR_CRANE_4_20SEPT22	fastqs/lib08/RAPR_CRANE_4_20SEPT22_1.fq.gz	fastqs/lib08/RAPR_CRANE_4_20SEPT22_2.fq.gz
lib08	1	RAPRCrane_2_20Sept22	fastqs/lib08/RAPRCrane_2_20Sept22_1.fq.gz	fastqs/lib08/RAPRCrane_2_20Sept22_2.fq.gz
lib08	1	RAPRCrane_1_22Sept22	fastqs/lib08/RAPRCrane_1_22Sept22_1.fq.gz	fastqs/lib08/RAPRCrane_1_22Sept22_2.fq.gz
lib08	1	RAPRCrane_2_22Sept22	fastqs/lib08/RAPRCrane_2_22Sept22_1.fq.gz	fastqs/lib08/RAPRCrane_2_22Sept22_2.fq.gz
lib08	1	USGS_221449	fastqs/lib08/USGS_221449_1.fq.gz	fastqs/lib08/USGS_221449_2.fq.gz
lib08	1	USGS_221699	fastqs/lib08/USGS_221699_1.fq.gz	fastqs/lib08/USGS_221699_2.fq.gz
lib08	1	USGS_222183	fastqs/lib08/USGS_222183_1.fq.gz	fastqs/lib08/USGS_222183_2.fq.gz
lib08	1	USGS_221715	fastqs/lib08/USGS_221715_1.fq.gz	fastqs/lib08/USGS_221715_2.fq.gz
lib08	1	USGS_221725	fastqs/lib08/USGS_221725_1.fq.gz	fastqs/lib08/USGS_221725_2.fq.gz
lib08	1	OSF_E1	fastqs/lib08/OSF_E1_1.fq.gz	fastqs/lib08/OSF_E1_2.fq.gz
lib08	1	OSF_E2	fastqs/lib08/OSF_E2_1.fq.gz	fastqs/lib08/OSF_E2_2.fq.gz
lib08	1	OSF_E3	fastqs/lib08/OSF_E3_1.fq.gz	fastqs/lib08/OSF_E3_2.fq.gz
lib08	1	OSF_E4	fastqs/lib08/OSF_E4_1.fq.gz	fastqs/lib08/OSF_E4_2.fq.gz
lib08	1	OSF_E5	fastqs/lib08/OSF_E5_1.fq.gz	fastqs/lib08/OSF_E5_2.fq.gz
lib08	1	OSF_E6	fastqs/lib08/OSF_E6_1.fq.gz	fastqs/lib08/OSF_E6_2.fq.gz
lib08	1	OSF_E7	fastqs/lib08/OSF_E7_1.fq.gz	fastqs/lib08/OSF_E7_2.fq.gz
lib08	1	OSF_E8	fastqs/lib08/OSF_E8_1.fq.gz	fastqs/lib08/OSF_E8_2.fq.gz
lib08	1	OSF_E10	fastqs/lib08/OSF_E10_1.fq.gz	fastqs/lib08/OSF_E10_2.fq.gz
lib08	1	OSF_E12	fastqs/lib08/OSF_E12_1.fq.gz	fastqs/lib08/OSF_E12_2.fq.gz
lib08	1	OSF_E13	fastqs/lib08/OSF_E13_1.fq.gz	fastqs/lib08/OSF_E13_2.fq.gz
lib08	1	OSF_E141	fastqs/lib08/OSF_E141_1.fq.gz	fastqs/lib08/OSF_E141_2.fq.gz
lib08	1	OSF_E143	fastqs/lib08/OSF_E143_1.fq.gz	fastqs/lib08/OSF_E143_2.fq.gz
lib08	1	OSF_E144	fastqs/lib08/OSF_E144_1.fq.gz	fastqs/lib08/OSF_E144_2.fq.gz
lib08	1	OSF_E145	fastqs/lib08/OSF_E145_1.fq.gz	fastqs/lib08/OSF_E145_2.fq.gz
lib08	1	OSF_E147	fastqs/lib08/OSF_E147_1.fq.gz	fastqs/lib08/OSF_E147_2.fq.gz
lib08	1	OSF_E149	fastqs/lib08/OSF_E149_1.fq.gz	fastqs/lib08/OSF_E149_2.fq.gz
lib08	1	OSF_E150	fastqs/lib08/OSF_E150_1.fq.gz	fastqs/lib08/OSF_E150_2.fq.gz
lib08	1	OSF_E151	fastqs/lib08/OSF_E151_1.fq.gz	fastqs/lib08/OSF_E151_2.fq.gz
lib08	1	OSF_E235	fastqs/lib08/OSF_E235_1.fq.gz	fastqs/lib08/OSF_E235_2.fq.gz
lib08	1	OSF_E243	fastqs/lib08/OSF_E243_1.fq.gz	fastqs/lib08/OSF_E243_2.fq.gz
lib08	1	OSF_E244	fastqs/lib08/OSF_E244_1.fq.gz	fastqs/lib08/OSF_E244_2.fq.gz
lib08	1	OSF_E245	fastqs/lib08/OSF_E245_1.fq.gz	fastqs/lib08/OSF_E245_2.fq.gz
lib08	1	OSF_E247	fastqs/lib08/OSF_E247_1.fq.gz	fastqs/lib08/OSF_E247_2.fq.gz
lib08	1	OSF_E250	fastqs/lib08/OSF_E250_1.fq.gz	fastqs/lib08/OSF_E250_2.fq.gz
lib08	1	OSF_E252	fastqs/lib08/OSF_E252_1.fq.gz	fastqs/lib08/OSF_E252_2.fq.gz
lib08	1	OSF_E283	fastqs/lib08/OSF_E283_1.fq.gz	fastqs/lib08/OSF_E283_2.fq.gz
lib08	1	OSF_E344	fastqs/lib08/OSF_E344_1.fq.gz	fastqs/lib08/OSF_E344_2.fq.gz
lib08	1	OSF_E345	fastqs/lib08/OSF_E345_1.fq.gz	fastqs/lib08/OSF_E345_2.fq.gz
lib08	1	OSF_E346	fastqs/lib08/OSF_E346_1.fq.gz	fastqs/lib08/OSF_E346_2.fq.gz
lib08	1	OSF_E347	fastqs/lib08/OSF_E347_1.fq.gz	fastqs/lib08/OSF_E347_2.fq.gz
lib08	1	OSF_E349	fastqs/lib08/OSF_E349_1.fq.gz	fastqs/lib08/OSF_E349_2.fq.gz
lib08	1	OSF_E350	fastqs/lib08/OSF_E350_1.fq.gz	fastqs/lib08/OSF_E350_2.fq.gz
lib08	1	OSF_E351	fastqs/lib08/OSF_E351_1.fq.gz	fastqs/lib08/OSF_E351_2.fq.gz
lib08	1	OSF_E352	fastqs/lib08/OSF_E352_1.fq.gz	fastqs/lib08/OSF_E352_2.fq.gz
lib08	1	WRH2_M02_CAP	fastqs/lib08/WRH2_M02_CAP_1.fq.gz	fastqs/lib08/WRH2_M02_CAP_2.fq.gz
lib08	1	WRBS_C02_CAP	fastqs/lib08/WRBS_C02_CAP_1.fq.gz	fastqs/lib08/WRBS_C02_CAP_2.fq.gz
lib08	1	KM_NWR_MC5_EM03_A1	fastqs/lib08/KM_NWR_MC5_EM03_A1_1.fq.gz	fastqs/lib08/KM_NWR_MC5_EM03_A1_2.fq.gz
lib08	1	KM_NWR_MC5_EM06_A1	fastqs/lib08/KM_NWR_MC5_EM06_A1_1.fq.gz	fastqs/lib08/KM_NWR_MC5_EM06_A1_2.fq.gz
lib08	1	M6_6_EM03_A1	fastqs/lib08/M6_6_EM03_A1_1.fq.gz	fastqs/lib08/M6_6_EM03_A1_2.fq.gz
lib08	1	PEN_RD_EM3_A1	fastqs/lib08/PEN_RD_EM3_A1_1.fq.gz	fastqs/lib08/PEN_RD_EM3_A1_2.fq.gz
lib08	1	KM_RI_Pnd_EM1_A1	fastqs/lib08/KM_RI_Pnd_EM1_A1_1.fq.gz	fastqs/lib08/KM_RI_Pnd_EM1_A1_2.fq.gz
lib08	1	KM_RI_Pnd_EM2_A1	fastqs/lib08/KM_RI_Pnd_EM2_A1_1.fq.gz	fastqs/lib08/KM_RI_Pnd_EM2_A1_2.fq.gz
lib08	1	KM_RI_Pnd_EM3_A1	fastqs/lib08/KM_RI_Pnd_EM3_A1_1.fq.gz	fastqs/lib08/KM_RI_Pnd_EM3_A1_2.fq.gz
lib09	1	221740	fastqs/lib09/221740_1.fq.gz	fastqs/lib09/221740_2.fq.gz
lib09	1	221199	fastqs/lib09/221199_1.fq.gz	fastqs/lib09/221199_2.fq.gz
lib09	1	221203	fastqs/lib09/221203_1.fq.gz	fastqs/lib09/221203_2.fq.gz
lib09	1	221208	fastqs/lib09/221208_1.fq.gz	fastqs/lib09/221208_2.fq.gz
lib09	1	221212	fastqs/lib09/221212_1.fq.gz	fastqs/lib09/221212_2.fq.gz
lib09	1	221481	fastqs/lib09/221481_1.fq.gz	fastqs/lib09/221481_2.fq.gz
lib09	1	212342	fastqs/lib09/212342_1.fq.gz	fastqs/lib09/212342_2.fq.gz
lib09	1	212343	fastqs/lib09/212343_1.fq.gz	fastqs/lib09/212343_2.fq.gz
lib09	1	212348	fastqs/lib09/212348_1.fq.gz	fastqs/lib09/212348_2.fq.gz
lib09	1	212349	fastqs/lib09/212349_1.fq.gz	fastqs/lib09/212349_2.fq.gz
lib09	1	212350	fastqs/lib09/212350_1.fq.gz	fastqs/lib09/212350_2.fq.gz
lib09	1	212352	fastqs/lib09/212352_1.fq.gz	fastqs/lib09/212352_2.fq.gz
lib09	1	212353	fastqs/lib09/212353_1.fq.gz	fastqs/lib09/212353_2.fq.gz
lib09	1	212354	fastqs/lib09/212354_1.fq.gz	fastqs/lib09/212354_2.fq.gz
lib09	1	212355	fastqs/lib09/212355_1.fq.gz	fastqs/lib09/212355_2.fq.gz
lib09	1	212357	fastqs/lib09/212357_1.fq.gz	fastqs/lib09/212357_2.fq.gz
lib09	1	212358	fastqs/lib09/212358_1.fq.gz	fastqs/lib09/212358_2.fq.gz
lib09	1	212363	fastqs/lib09/212363_1.fq.gz	fastqs/lib09/212363_2.fq.gz
lib09	1	222243	fastqs/lib09/222243_1.fq.gz	fastqs/lib09/222243_2.fq.gz
lib09	1	RAPR8_9_22_3	fastqs/lib09/RAPR8_9_22_3_1.fq.gz	fastqs/lib09/RAPR8_9_22_3_2.fq.gz
lib09	1	RAPR8_9_22_4	fastqs/lib09/RAPR8_9_22_4_1.fq.gz	fastqs/lib09/RAPR8_9_22_4_2.fq.gz
lib09	1	RAPR8_9_22_5	fastqs/lib09/RAPR8_9_22_5_1.fq.gz	fastqs/lib09/RAPR8_9_22_5_2.fq.gz
lib09	1	RAPR8_9_22_6	fastqs/lib09/RAPR8_9_22_6_1.fq.gz	fastqs/lib09/RAPR8_9_22_6_2.fq.gz
lib09	1	RAPR8_9_22_7	fastqs/lib09/RAPR8_9_22_7_1.fq.gz	fastqs/lib09/RAPR8_9_22_7_2.fq.gz
lib09	1	RAPR8_9_22_8	fastqs/lib09/RAPR8_9_22_8_1.fq.gz	fastqs/lib09/RAPR8_9_22_8_2.fq.gz
lib09	1	RAPR8_9_22_9	fastqs/lib09/RAPR8_9_22_9_1.fq.gz	fastqs/lib09/RAPR8_9_22_9_2.fq.gz
lib09	1	212299	fastqs/lib09/212299_1.fq.gz	fastqs/lib09/212299_2.fq.gz
lib09	1	212300	fastqs/lib09/212300_1.fq.gz	fastqs/lib09/212300_2.fq.gz
lib09	1	212301	fastqs/lib09/212301_1.fq.gz	fastqs/lib09/212301_2.fq.gz
lib09	1	212302	fastqs/lib09/212302_1.fq.gz	fastqs/lib09/212302_2.fq.gz
lib09	1	212303	fastqs/lib09/212303_1.fq.gz	fastqs/lib09/212303_2.fq.gz
lib09	1	212304	fastqs/lib09/212304_1.fq.gz	fastqs/lib09/212304_2.fq.gz
lib09	1	212305	fastqs/lib09/212305_1.fq.gz	fastqs/lib09/212305_2.fq.gz
lib09	1	212306	fastqs/lib09/212306_1.fq.gz	fastqs/lib09/212306_2.fq.gz
lib09	1	212307	fastqs/lib09/212307_1.fq.gz	fastqs/lib09/212307_2.fq.gz
lib09	1	212222	fastqs/lib09/212222_1.fq.gz	fastqs/lib09/212222_2.fq.gz
lib09	1	212223	fastqs/lib09/212223_1.fq.gz	fastqs/lib09/212223_2.fq.gz
lib09	1	212224	fastqs/lib09/212224_1.fq.gz	fastqs/lib09/212224_2.fq.gz
lib09	1	212308	fastqs/lib09/212308_1.fq.gz	fastqs/lib09/212308_2.fq.gz
lib09	1	212336	fastqs/lib09/212336_1.fq.gz	fastqs/lib09/212336_2.fq.gz
lib09	1	212337	fastqs/lib09/212337_1.fq.gz	fastqs/lib09/212337_2.fq.gz
lib09	1	212338	fastqs/lib09/212338_1.fq.gz	fastqs/lib09/212338_2.fq.gz
lib09	1	212339	fastqs/lib09/212339_1.fq.gz	fastqs/lib09/212339_2.fq.gz
lib09	1	212340	fastqs/lib09/212340_1.fq.gz	fastqs/lib09/212340_2.fq.gz
lib09	1	221510	fastqs/lib09/221510_1.fq.gz	fastqs/lib09/221510_2.fq.gz
lib09	1	221532	fastqs/lib09/221532_1.fq.gz	fastqs/lib09/221532_2.fq.gz
lib09	1	212226	fastqs/lib09/212226_1.fq.gz	fastqs/lib09/212226_2.fq.gz
lib09	1	212227	fastqs/lib09/212227_1.fq.gz	fastqs/lib09/212227_2.fq.gz
lib09	1	212228	fastqs/lib09/212228_1.fq.gz	fastqs/lib09/212228_2.fq.gz
lib09	1	212229	fastqs/lib09/212229_1.fq.gz	fastqs/lib09/212229_2.fq.gz
lib09	1	OSF_E14	fastqs/lib09/OSF_E14_1.fq.gz	fastqs/lib09/OSF_E14_2.fq.gz
lib09	1	OSF_E15	fastqs/lib09/OSF_E15_1.fq.gz	fastqs/lib09/OSF_E15_2.fq.gz
lib09	1	OSF_E16	fastqs/lib09/OSF_E16_1.fq.gz	fastqs/lib09/OSF_E16_2.fq.gz
lib09	1	OSF_E21	fastqs/lib09/OSF_E21_1.fq.gz	fastqs/lib09/OSF_E21_2.fq.gz
lib09	1	OSF_E22	fastqs/lib09/OSF_E22_1.fq.gz	fastqs/lib09/OSF_E22_2.fq.gz
lib09	1	OSF_E23	fastqs/lib09/OSF_E23_1.fq.gz	fastqs/lib09/OSF_E23_2.fq.gz
lib09	1	OSF_E24	fastqs/lib09/OSF_E24_1.fq.gz	fastqs/lib09/OSF_E24_2.fq.gz
lib09	1	OSF_E26	fastqs/lib09/OSF_E26_1.fq.gz	fastqs/lib09/OSF_E26_2.fq.gz
lib09	1	OSF_E28	fastqs/lib09/OSF_E28_1.fq.gz	fastqs/lib09/OSF_E28_2.fq.gz
lib09	1	OSF_E29	fastqs/lib09/OSF_E29_1.fq.gz	fastqs/lib09/OSF_E29_2.fq.gz
lib09	1	OSF_E32	fastqs/lib09/OSF_E32_1.fq.gz	fastqs/lib09/OSF_E32_2.fq.gz
lib09	1	OSF_E153	fastqs/lib09/OSF_E153_1.fq.gz	fastqs/lib09/OSF_E153_2.fq.gz
lib09	1	OSF_E154	fastqs/lib09/OSF_E154_1.fq.gz	fastqs/lib09/OSF_E154_2.fq.gz
lib09	1	OSF_E155	fastqs/lib09/OSF_E155_1.fq.gz	fastqs/lib09/OSF_E155_2.fq.gz
lib09	1	OSF_E156	fastqs/lib09/OSF_E156_1.fq.gz	fastqs/lib09/OSF_E156_2.fq.gz
lib09	1	OSF_E157	fastqs/lib09/OSF_E157_1.fq.gz	fastqs/lib09/OSF_E157_2.fq.gz
lib09	1	OSF_E159	fastqs/lib09/OSF_E159_1.fq.gz	fastqs/lib09/OSF_E159_2.fq.gz
lib09	1	OSF_E162	fastqs/lib09/OSF_E162_1.fq.gz	fastqs/lib09/OSF_E162_2.fq.gz
lib09	1	OSF_E163	fastqs/lib09/OSF_E163_1.fq.gz	fastqs/lib09/OSF_E163_2.fq.gz
lib09	1	OSF_E284	fastqs/lib09/OSF_E284_1.fq.gz	fastqs/lib09/OSF_E284_2.fq.gz
lib09	1	OSF_E285	fastqs/lib09/OSF_E285_1.fq.gz	fastqs/lib09/OSF_E285_2.fq.gz
lib09	1	OSF_E286	fastqs/lib09/OSF_E286_1.fq.gz	fastqs/lib09/OSF_E286_2.fq.gz
lib09	1	OSF_E289	fastqs/lib09/OSF_E289_1.fq.gz	fastqs/lib09/OSF_E289_2.fq.gz
lib09	1	OSF_E295	fastqs/lib09/OSF_E295_1.fq.gz	fastqs/lib09/OSF_E295_2.fq.gz
lib09	1	OSF_E300	fastqs/lib09/OSF_E300_1.fq.gz	fastqs/lib09/OSF_E300_2.fq.gz
lib09	1	OSF_E301	fastqs/lib09/OSF_E301_1.fq.gz	fastqs/lib09/OSF_E301_2.fq.gz
lib09	1	OSF_E302	fastqs/lib09/OSF_E302_1.fq.gz	fastqs/lib09/OSF_E302_2.fq.gz
lib09	1	OSF_E353	fastqs/lib09/OSF_E353_1.fq.gz	fastqs/lib09/OSF_E353_2.fq.gz
lib09	1	OSF_E354	fastqs/lib09/OSF_E354_1.fq.gz	fastqs/lib09/OSF_E354_2.fq.gz
lib09	1	OSF_E355	fastqs/lib09/OSF_E355_1.fq.gz	fastqs/lib09/OSF_E355_2.fq.gz
lib09	1	OSF_E384	fastqs/lib09/OSF_E384_1.fq.gz	fastqs/lib09/OSF_E384_2.fq.gz
lib09	1	OSF_E385	fastqs/lib09/OSF_E385_1.fq.gz	fastqs/lib09/OSF_E385_2.fq.gz
lib09	1	OSF_E386	fastqs/lib09/OSF_E386_1.fq.gz	fastqs/lib09/OSF_E386_2.fq.gz
lib09	1	OSF_E387	fastqs/lib09/OSF_E387_1.fq.gz	fastqs/lib09/OSF_E387_2.fq.gz
lib09	1	OSF_E388	fastqs/lib09/OSF_E388_1.fq.gz	fastqs/lib09/OSF_E388_2.fq.gz
lib09	1	RICK_EM01_A1	fastqs/lib09/RICK_EM01_A1_1.fq.gz	fastqs/lib09/RICK_EM01_A1_2.fq.gz
lib09	1	KM_NWR_DEV_EM03_A1	fastqs/lib09/KM_NWR_DEV_EM03_A1_1.fq.gz	fastqs/lib09/KM_NWR_DEV_EM03_A1_2.fq.gz
lib09	1	DEV_EM04_A1	fastqs/lib09/DEV_EM04_A1_1.fq.gz	fastqs/lib09/DEV_EM04_A1_2.fq.gz
lib09	1	KM_DEV_EM7_A2	fastqs/lib09/KM_DEV_EM7_A2_1.fq.gz	fastqs/lib09/KM_DEV_EM7_A2_2.fq.gz
lib09	1	KM_NWR_DEV_EM16_A2	fastqs/lib09/KM_NWR_DEV_EM16_A2_1.fq.gz	fastqs/lib09/KM_NWR_DEV_EM16_A2_2.fq.gz
lib09	1	KM_NWR_DEV_EM17_A1	fastqs/lib09/KM_NWR_DEV_EM17_A1_1.fq.gz	fastqs/lib09/KM_NWR_DEV_EM17_A1_2.fq.gz
lib09	1	KM_DEV_EM18_A1	fastqs/lib09/KM_DEV_EM18_A1_1.fq.gz	fastqs/lib09/KM_DEV_EM18_A1_2.fq.gz
lib09	1	4_MILE_BEAV01_A1	fastqs/lib09/4_MILE_BEAV01_A1_1.fq.gz	fastqs/lib09/4_MILE_BEAV01_A1_2.fq.gz
lib09	1	4_MILE_BEAV02_A2	fastqs/lib09/4_MILE_BEAV02_A2_1.fq.gz	fastqs/lib09/4_MILE_BEAV02_A2_2.fq.gz
lib09	2	OSF_E381R	fastqs/lib09/OSF_E381R_1.fq.gz	fastqs/lib09/OSF_E381R_2.fq.gz
lib09	2	CHOL_EM7_A1R	fastqs/lib09/CHOL_EM7_A1R_1.fq.gz	fastqs/lib09/CHOL_EM7_A1R_2.fq.gz
lib09	2	OSF_E23R	fastqs/lib09/OSF_E23R_1.fq.gz	fastqs/lib09/OSF_E23R_2.fq.gz
lib09	2	CAP_LOXW_DO1R	fastqs/lib09/CAP_LOXW_DO1R_1.fq.gz	fastqs/lib09/CAP_LOXW_DO1R_2.fq.gz